mot 1;nb 1;mot 2;nb 2;mot 3;nb 3;mot 4;nb 4;mot 5;nb 5;mot 6;nb 6;mot 7;nb 7;mot 8;nb 8;mot 9;nb 9;mot 10;nb 10;mot 11;nb 11;mot 12;nb 12;mot 13;nb 13;mot 14;nb 14;mot 15;nb 15
nickel;82;emploi;31;pollution;28;emploi;28;emploi;18;emploi;19;pollution;11;économie;8;emploi;13;pollution;5;pollution;3;emploi;3;emploi;4;nickel;3;démolition;2
emploi;26;nickel;28;emploi;26;pollution;25;pollution;14;pollution;14;emploi;9;impact environnemental;7;pollution;6;emploi;5;emploi;3;montagne;3;pollution;2;conflit;3;impact environnemental;2
économie;21;pollution;25;nickel;22;économie;22;nickel;11;camion;12;démolition;7;pollution;6;économie;5;impact environnemental;4;exploitation;3;sln;3;démolition;2;paysage;3;nature;1
exploitation;20;économie;20;impact environnemental;18;impact environnemental;13;impact environnemental;11;nickel;10;camion;7;terre;6;usine;5;conflit;3;blocage;2;pollution;2;érosion;2;emploi;2;restauration écologique;1
pollution;18;impact environnemental;18;camion;14;ressource;11;économie;9;impact environnemental;9;usine;7;exploitation;5;exploitation;4;maladie;3;nickel;2;impact environnemental;2;développement;2;impact environnemental;2;mineur;1
minerai;18;richesse;13;exploitation;13;exploitation;10;richesse;7;richesse;8;nickel;6;conflit;5;montagne;4;nickel;2;économie;2;roche;2;déforestation;2;arbre;2;usine;1
richesse;16;argent;11;économie;13;terre;10;conflit;7;démolition;8;économie;6;emploi;4;démolition;3;terre rouge;2;impact environnemental;2;usine;2;avenir;2;pollution;1;bénéfice;1
roche;16;exploitation;11;richesse;11;nickel;9;développement;7;exploitation;7;impact environnemental;6;argent;4;impact environnemental;3;main d’oeuvre;2;terre;2;développement;2;eau;2;exploitation;1;main d’oeuvre;1
camion;15;ressource;11;argent;11;usine;9;argent;6;usine;7;sln;6;nickel;4;terre rouge;3;minerai;2;érosion;2;épuisable;2;richesse;1;montagne;1;enjeu;1
impact environnemental;15;montagne;10;terre;10;argent;8;sln;6;ressource;5;déforestation;6;ressource;4;terrain;3;transformation;2;conflit;2;déforestation;2;argent;1;biodiversité;1;condition de vie;1
argent;11;sln;10;montagne;9;richesse;7;exploitation;5;conflit;5;conflit;5;exportation;4;argent;2;déforestation;2;maladie;2;boom;1;exploitation;1;économie;1;fer;1
usine;10;camion;9;roche;9;conflit;7;camion;5;argent;4;richesse;4;scorie;4;camion;2;commerce;2;avenir;2;richesse;1;montagne;1;végétalisation;1;politique;1
terre rouge;9;roche;9;ressource;8;terre rouge;6;terre rouge;5;économie;4;exportation;4;richesse;3;sln;2;explosion;2;démolition;1;démolition;1;biodiversité;1;choix;1;charbon;1
terre;8;minerai;9;minerai;8;déforestation;6;ressource;5;roche;4;montagne;3;minerai;3;conflit;2;charbon;2;argent;1;exploitation;1;camion;1;usine du nord;1;exportation;1
montagne;7;démolition;8;industrie;7;montagne;5;main d’oeuvre;5;végétalisation;4;mineur;3;épuisable;3;développement;2;exportation;2;nature;1;terre rouge;1;économie;1;pioche;1;jules garnier;1
sln;7;usine;8;sln;7;minerai;5;minerai;5;sln;4;ressource;3;usine du nord;3;minerai;2;accroissement;2;inégalité;1;végétalisation;1;impact environnemental;1;engin;1;kns;1
ressource;7;revenu;7;usine du sud;7;dégradation;5;engin;5;nouvelle-calédonie;4;nature;2;coutumier;2;transformation;2;retombée;1;montagne;1;terre;1;terre rouge;1;politique;1;gestion;1
démolition;5;terre;7;nature;6;engin;5;exportation;5;main d’oeuvre;4;exploitation;2;production;2;exportation;2;richesse;1;mineur;1;projet;1;aide;1;ftn;1;endémisme;1
mine;5;terre rouge;6;usine;5;démolition;4;démolition;4;minerai;4;revenu;2;montagne;2;valorisation;2;démolition;1;roche;1;éducation;1;usine;1;fossile;1;vavouto;1
main d’oeuvre;4;main d’oeuvre;6;conflit;5;sln;4;terre;4;bateau;4;roche;2;enjeu;2;boom;1;argent;1;terre rouge;1;minéralier;1;sln;1;ciel ouvert;1;respect;1
usine du sud;4;usine du sud;6;déforestation;5;production;3;usine;4;déforestation;4;terre rouge;2;paysage;2;nickel;1;exploitation;1;investissement;1;enjeu;1;santé;1;activité minière;1;rentabilité;1
développement;4;déforestation;6;démolition;4;mineur;3;épuisable;4;exportation;4;terre;2;cheminée;2;production;1;montagne;1;préservation;1;poussière;1;dangereux;1;vale;1;dispensable;1
pioche;4;industrie;5;main d’oeuvre;4;camion;3;yaté;4;dangereux;3;nouvelle-calédonie;2;engin;2;roche;1;biodiversité;1;main d’oeuvre;1;paysage;1;minéralier;1;métal;1;manque de réflexion;1
nature;3;engin;5;développement;4;roche;3;nature;3;poussière;3;dépendance;2;vente;2;mine;1;camion;1;développement;1;minerai;1;main d’oeuvre;1;avenir;1;route;1
revenu;3;garniérite;4;sale;4;main d’oeuvre;3;montagne;3;entreprise;3;santé;2;politique;2;industrie;1;revenu;1;minerai;1;faillite;1;usine du sud;1;france;1;construction;1
industrie;3;mineur;3;terre rouge;3;usine du sud;3;enjeu;3;éboulement;3;investissement;2;sécurité;2;industrialisation;1;roche;1;dégradation;1;énergie;1;minerai;1;transport;1;bâtiment;1
érosion;3;érosion;3;érosion;3;usine du nord;3;paysage;3;accident;3;projet;2;charbon;2;érosion;1;aide;1;reconnaissance;1;politique;1;transformation;1;nord;1;;
conflit;3;or;3;chantier;3;écologie;3;bateau;3;production;2;dangereux;2;ressource naturelle;2;ressource;1;végétalisation;1;famille;1;long-terme;1;ftn;1;endémisme;1;;
or;3;production;2;non-renouvelable;3;exportation;3;recherche;3;montagne;2;main d’oeuvre;2;rivière rouge;2;minéralier;1;industrie;1;four;1;commerce;1;métallurgie;1;smsp;1;;
paysage;2;nature;2;machine;3;nature;2;déforestation;3;évolution;2;usine du sud;2;démolition;1;main d’oeuvre;1;terre;1;épuisable;1;convoyeur;1;exportation;1;stratégique;1;;
maquis minier;2;mine;2;mineur;2;océan;2;sécurité;3;revenu;2;développement;2;inégalité;1;enjeu;1;érosion;1;échange international;1;métal;1;ressource fossile;1;infrastructure;1;;
carrière;2;nouvelle-calédonie;2;géologie;2;international;2;vale;3;érosion;2;minerai;2;mineur;1;poussière;1;sln;1;engin;1;exonération;1;métal;1;poro;1;;
charbon;2;projet;2;végétalisation;2;dangereux;2;importation;3;dépendance;2;dégradation;2;camion;1;dégradation;1;revendication;1;politique;1;enercal;1;convoitise;1;chômage;1;;
vale;2;dangereux;2;investissement;2;paysage;2;mineur;2;usine du sud;2;épuisable;2;industrie;1;choix;1;investissement;1;long-terme;1;appauvrissement;1;avantage fiscal;1;crise;1;;
boom;1;conflit;2;poussière;2;division;2;roche;2;dégradation;2;maquis minier;2;usine;1;dégât;1;produit;1;matière première;1;métal rares;1;sous-traitant;1;route;1;;
centre minier;1;développement;2;pelle;2;fer;2;géologie;2;commerce;2;échange international;2;érosion;1;fer;1;bénéfice;1;gisement;1;eau salubre;1;gestion;1;;;;
aide;1;poussière;2;dégât;2;politique;2;végétalisation;2;sécurité;2;politique;2;sln;1;mondialisation;1;enjeu;1;milieu;1;difficile;1;éboulement;1;;;;
nouvelle-calédonie;1;dégradation;2;fer;2;explosion;2;nouvelle-calédonie;2;charbon;2;ftn;2;santé;1;grand;1;usine du sud;1;sécurité;1;grève;1;non-renouvelable;1;;;;
problème;1;prospection;2;vkp;2;fumée;2;problème;2;importation;2;traitement;2;problème;1;épuisable;1;compromis;1;explosion;1;flore;1;écosystème;1;;;;
produit;1;indispensable;2;carrière;2;hydrocarbure;2;investissement;2;vert;2;charbon;2;revendication;1;carrière;1;dégât;1;risque;1;valorisation;1;identité;1;;;;
bénéfice;1;politique;2;garniérite;2;machine;2;dégât;2;machine;2;vale;2;produit;1;engin;1;mondialisation;1;exportation;1;déformation;1;ruamm;1;;;;
poussière;1;charbon;2;écologie;2;grève;2;changement;2;tunnel;2;scorie;2;projet;1;interaction;1;épuisable;1;tapis roulant;1;incendie;1;syndicat;1;;;;
ferraille;1;kns;2;politique;2;or;2;déchet;2;casque;2;grotte;2;dangereux;1;matière première;1;mine d’or;1;lobby;1;infrastructure;1;terre coutumière;1;;;;
prospection;1;sale;2;métallurgie;2;latérite;2;traitement;2;identité;2;permis;2;main d’oeuvre;1;ftn;1;écologie;1;avantage fiscal;1;vavouto;1;rééquilibrage;1;;;;
fer;1;gestion;2;charbon;2;ressource économique;2;métal;2;matériel;2;inondation;1;amélioration;1;métallurgie;1;métallurgie;1;fumée;1;apport;1;récif;1;;;;
mondialisation;1;crayon;2;avenir;2;dette;2;pouvoir;2;histoire;1;malédiction;1;outil;1;explosion;1;sécurité;1;chaleur;1;rentabilité;1;économie positive;1;;;;
propriété;1;souterrain;2;obscure;2;productivité;2;souterrain;2;frein;1;blocage;1;intégration;1;délicatesse;1;vale;1;souterrain;1;délocalisation;1;projet lucy;1;;;;
grand;1;difficile;2;or;2;évolution;1;creuser;2;nature;1;coutumier;1;famille;1;colas;1;rachat;1;bruit;1;bourse;1;voiture;1;;;;
chantier;1;machine;2;smsp;2;aide;1;or;2;restauration écologique;1;océan;1;tourisme;1;métal;1;scorie;1;conséquence;1;désabusé;1;abîmé;1;;;;
sud;1;nord;2;tenue;2;mine;1;latérite;2;biodiversité;1;évolution;1;prospection;1;pouvoir;1;enercal;1;faune;1;énergie fossile;1;hauteur;1;;;;
écologie;1;territoire;2;inondation;1;industrie;1;tension;2;centre minier;1;géologie;1;fer;1;important;1;important;1;flore;1;ruissellement;1;directeur;1;;;;
déforestation;1;serpentine;2;boom;1;nouvelle-calédonie;1;nmc;2;laboratoire;1;perle;1;contentieux;1;gestion;1;gestion;1;chaussure de sécurité;1;air polluée;1;;;;;;
matière première;1;infrastructure;2;histoire;1;patrimoine;1;matière;2;porte d’entrée;1;aide;1;agriculture;1;obscure;1;exaction;1;esclavagisme;1;position géographique;1;;;;;;
commerce;1;inondation;1;blocage;1;dépendance;1;glissement de terrain;2;mine;1;végétalisation;1;bateau;1;extinction;1;éboulement;1;casque;1;lourd;1;;;;;;
prony resources;1;malédiction;1;plainte;1;tradition;1;profit;2;industrie;1;érosion;1;déforestation;1;creuser;1;eramet;1;ancêtre;1;fille;1;;;;;;
exportation;1;blocage;1;production;1;problème;1;retombée;1;international;1;opportunité;1;sponsor;1;non-renouvelable;1;yaté;1;sécheresse;1;route;1;;;;;;
fumée;1;village;1;dépendance;1;investissement;1;histoire;1;problème;1;minéralier;1;énergie;1;difficile;1;grève;1;infrastructure;1;tombereau;1;;;;;;
sale;1;contracteur;1;produit;1;autonomie;1;blocage;1;revendication;1;paysage;1;centrale;1;investigation;1;compliquer;1;eau;1;;;;;;;;
obscure;1;géologie;1;projet;1;projet;1;océan;1;bénéfice;1;amélioration;1;prony resources;1;population;1;conséquence;1;rentabilité;1;;;;;;;;
crayon;1;aide;1;dangereux;1;bénéfice;1;train;1;minéralier;1;éloignement;1;gisement;1;pib;1;endémisme;1;abus;1;;;;;;;;
machine;1;commune minière;1;éducation;1;enjeu;1;biodiversité;1;développement;1;corruption;1;métallurgie;1;père;1;gilet;1;échantillon;1;;;;;;;;
grotte;1;industrialisation;1;minéralier;1;développement;1;évolution;1;enfant;1;famille;1;manipulation;1;horaire;1;casque;1;projet lucy;1;;;;;;;;
latérite;1;tradition;1;tribu;1;positif - négatif;1;revenu;1;prix à payer;1;pelle;1;vale;1;emploi qualifié;1;emploi non-qualifié;1;inconscience;1;;;;;;;;
flore;1;problème;1;condition de vie;1;flexible;1;industrie;1;compromis;1;prospection;1;institution;1;colonisation;1;épuisant;1;productivité;1;;;;;;;;
pib;1;bénéfice;1;paysage;1;monopole;1;érosion;1;école;1;fer;1;jules garnier;1;dette;1;dividende;1;victime;1;;;;;;;;
poumon;1;bilan;1;polyvalent;1;choix;1;opportunité;1;changement;1;fabrication;1;métal;1;développement durable;1;problème écologique;1;matériel;1;;;;;;;;
schéma minier;1;tribu;1;outil;1;pelle;1;civilisation;1;fer;1;lien social;1;développement territorial;1;tenue;1;vavouto;1;gaz;1;;;;;;;;
atelier;1;enfant;1;foncier;1;changement;1;préservation;1;fabrication;1;vol;1;fumée;1;technologie;1;arbre;1;garçon;1;;;;;;;;
jade;1;paysage;1;corruption;1;usine de doniambo;1;dangereux;1;poisson;1;profite;1;sale;1;tiébaghi;1;eau;1;obèse;1;;;;;;;;
chine;1;amélioration;1;compromis;1;conseil tribal;1;éducation;1;badge;1;four;1;appauvrissement;1;cobalt;1;intérêt commun;1;réserve minière;1;;;;;;;;
instabilité;1;outil;1;changement;1;arrêt;1;usine du sud;1;chantier;1;province nord;1;gestion;1;arbre;1;hiérarchie;1;ressource mondiale;1;;;;;;;;
rapport;1;famille;1;mauvais;1;province nord;1;positif - négatif;1;indispensable;1;epi;1;avenir;1;quantité;1;ville;1;nuit;1;;;;;;;;
prospérité;1;division;1;propriété;1;chantier;1;poussière;1;vkp;1;chantier;1;transport;1;surexploitation;1;promesse d’embauche;1;pépinière;1;;;;;;;;
tombereau;1;changement;1;redistribution;1;épuisable;1;reconnaissance;1;pioche;1;bateau;1;machine;1;politisé;1;géologue;1;;;;;;;;;;
activité économique;1;propriété;1;four;1;échange international;1;outil;1;garniérite;1;énergie;1;bloc;1;rentabilité;1;trou;1;;;;;;;;;;
déficit;1;puissance;1;épuisable;1;teneur;1;hypocrisie;1;faillite;1;matière première;1;serpentine;1;chauffeur;1;résidu;1;;;;;;;;;;
kanak;1;nuisance;1;symbole;1;garniérite;1;division;1;bouleversement;1;tertiaire;1;accident;1;réchauffement climatique;1;chine;1;;;;;;;;;;
;;chantier;1;usine du nord;1;transformation;1;tourisme;1;transformation;1;métallurgie;1;diamant;1;secteur;1;responsabilité;1;;;;;;;;;;
;;usine du nord;1;sud;1;recherche;1;fer;1;recherche;1;risque;1;population;1;influence;1;fortune;1;;;;;;;;;;
;;vkp;1;engin;1;énergie;1;propriété;1;négociation;1;tapis roulant;1;roue;1;forêt sèche;1;engin d’extraction;1;;;;;;;;;;
;;carrière;1;vente;1;déchet;1;vol;1;empire;1;procédé;1;wagonnet;1;porte-conteneur;1;espèce;1;;;;;;;;;;
;;sud;1;long-terme;1;matière première;1;grand;1;déchet;1;convoitise;1;stratégique;1;bombe;1;incompréhension;1;;;;;;;;;;
;;transformation;1;matière première;1;traitement;1;four;1;vente;1;fumée;1;ges;1;responsabilité;1;repos;1;;;;;;;;;;
;;matière première;1;commerce;1;métallurgie;1;maquis minier;1;politique;1;sous-traitant;1;sécheresse;1;toxicité;1;jeune;1;;;;;;;;;;
;;commerce;1;centrale;1;sécurité;1;usine du nord;1;matière première;1;sale;1;questionnement;1;privilège;1;construction;1;;;;;;;;;;
;;métallurgie;1;activité minière;1;maladie;1;cheminée;1;traitement;1;appauvrissement;1;incendie;1;diplomatie;1;tesla;1;;;;;;;;;;
;;explosion;1;exportation;1;vale;1;échange international;1;ciel ouvert;1;transport;1;ouverture;1;hygiène;1;qualité;1;;;;;;;;;;
;;vale;1;port;1;cours;1;pioche;1;gisement;1;éboulement;1;lunette;1;permis;1;;;;;;;;;;;;
;;tapis roulant;1;jules garnier;1;entreprise;1;garniérite;1;métallurgie;1;tractopelle;1;thio;1;industrie durable;1;;;;;;;;;;;;
;;entreprise;1;entreprise;1;métal;1;entente;1;maladie;1;non-renouvelable;1;différence;1;;;;;;;;;;;;;;
;;métal;1;france;1;développement économique;1;politique;1;vale;1;machine;1;province sud;1;;;;;;;;;;;;;;
;;scorie;1;mal payé;1;pouvoir;1;ftn;1;tapis roulant;1;eramet;1;offshore;1;;;;;;;;;;;;;;
;;extinction;1;hydrocarbure;1;scorie;1;convoyeur;1;métal;1;indépendance;1;arbre;1;;;;;;;;;;;;;;
;;vert;1;vert;1;sale;1;gisement;1;chaleur;1;pays exploité;1;lieu;1;;;;;;;;;;;;;;
;;inox;1;yaté;1;important;1;explosion;1;gestion;1;conséquence;1;fausse dépendance;1;;;;;;;;;;;;;;
;;tunnel;1;grotte;1;importation;1;maladie;1;transport;1;accident;1;réchauffement climatique;1;;;;;;;;;;;;;;
;;diamant;1;arme;1;transport;1;risque;1;extinction;1;gilet;1;terre coutumière;1;;;;;;;;;;;;;;
;;fer rubané;1;indépendance;1;obscure;1;partout;1;eramet;1;casque;1;promesse d’embauche;1;;;;;;;;;;;;;;
;;écosystème;1;diamant;1;étroit;1;jules garnier;1;arme;1;géopolitique;1;pistonnage;1;;;;;;;;;;;;;;
;;vavouto;1;faune;1;creuser;1;développement économique;1;inox;1;acide;1;énergie fossile;1;;;;;;;;;;;;;;
;;arbre;1;esclavagisme;1;difficile;1;convoitise;1;tension;1;pillage;1;électricité;1;;;;;;;;;;;;;;
;;boue;1;précieux;1;marchandise;1;kns;1;fraude;1;valorisation;1;centrale hydraulique;1;;;;;;;;;;;;;;
;;terre coutumière;1;casque;1;nord;1;scorie;1;smsp;1;débat;1;les évènements;1;;;;;;;;;;;;;;
;;travail forcé;1;compagnie minière;1;grotte;1;chaleur;1;minecraft;1;dette;1;chine;1;;;;;;;;;;;;;;
;;chargement;1;forage;1;déclin;1;sale;1;débat;1;analyse;1;manque de matériau;1;;;;;;;;;;;;;;
;;danger environnemental;1;valorisation;1;territoire;1;gestion;1;source;1;convertissement;1;uni;1;;;;;;;;;;;;;;
;;enjeu économique;1;relation internationale;1;tension;1;avenir;1;relation internationale;1;développement durable;1;forêt;1;;;;;;;;;;;;;;
;;chrome;1;ressource naturelle;1;indépendance;1;obscure;1;développement durable;1;lampe;1;diplomatie;1;;;;;;;;;;;;;;
;;terrain;1;tiébaghi;1;tristesse;1;équipe;1;thio;1;flux;1;condition de travail;1;;;;;;;;;;;;;;
;;matériel;1;thio;1;matériau;1;machine;1;corée;1;corée;1;articuler;1;;;;;;;;;;;;;;
;;rapport;1;eau;1;endémisme;1;militaire;1;produit fini;1;houaïlou;1;permis;1;;;;;;;;;;;;;;
;;partage;1;surexploitation;1;horaire;1;instable;1;côte ouest;1;cobalt;1;connaissance;1;;;;;;;;;;;;;;
;;;;aménagement;1;forage;1;roulement;1;granite;1;arbre;1;concurrent;1;;;;;;;;;;;;;;
;;;;catastrophe;1;pillage;1;bruit;1;vavouto;1;ponctualité;1;progrès;1;;;;;;;;;;;;;;
;;;;pôle attractif;1;marché;1;matériau;1;eau;1;commerce international;1;diplôme;1;;;;;;;;;;;;;;
;;;;profit;1;local;1;population;1;surexploitation;1;réchauffement climatique;1;force;1;;;;;;;;;;;;;;
;;;;modernisation;1;incendie;1;gimli;1;véhicule;1;boue;1;femme;1;;;;;;;;;;;;;;
;;;;lithium;1;batterie;1;babylone;1;mafia;1;non viable;1;terrasse;1;;;;;;;;;;;;;;
;;;;rivière;1;tenue;1;marché;1;plante endémique;1;challenge écologique;1;terrassement;1;;;;;;;;;;;;;;
;;;;engravement;1;tiébaghi;1;expérience scientifique;1;cuivre;1;rééquilibrage;1;;;;;;;;;;;;;;;;
;;;;terre exploitée;1;népoui;1;batterie;1;découverte;1;centrale à charbon;1;;;;;;;;;;;;;;;;
;;;;capitalisme;1;consommation;1;tiébaghi;1;alchimie;1;mort;1;;;;;;;;;;;;;;;;
;;;;gueule noire;1;climat;1;népoui;1;projet lucy;1;valeur économique;1;;;;;;;;;;;;;;;;
;;;;matériel;1;ballande;1;sacré;1;flnks;1;uc;1;;;;;;;;;;;;;;;;
;;;;cristal;1;économie fictive;1;acheminement;1;terrain;1;dépense;1;;;;;;;;;;;;;;;;
;;;;fiscalité;1;syndicat;1;espèce en voie de disparition;1;bronze;1;fonctionnement;1;;;;;;;;;;;;;;;;
;;;;bulldozer;1;granite;1;poro;1;avancé;1;terrain;1;;;;;;;;;;;;;;;;
;;;;nourriture;1;arbre;1;arbre;1;cher;1;kouaoua;1;;;;;;;;;;;;;;;;
;;;;dimenc;1;chauffeur;1;lieu;1;aluminium;1;crise;1;;;;;;;;;;;;;;;;
;;;;stable;1;catastrophe;1;accroissement;1;spécialisé;1;fille;1;;;;;;;;;;;;;;;;
;;;;;;accroissement;1;décroissance;1;garçon;1;effort;1;;;;;;;;;;;;;;;;
;;;;;;boue;1;désaccord;1;fille;1;voiture;1;;;;;;;;;;;;;;;;
;;;;;;désaccord;1;verdure;1;échelle;1;violence;1;;;;;;;;;;;;;;;;
;;;;;;capitalisation;1;rivière;1;perturbation;1;homme;1;;;;;;;;;;;;;;;;
;;;;;;rivière;1;énergie fossile;1;chaos;1;échec;1;;;;;;;;;;;;;;;;
;;;;;;intérimaire;1;corail;1;dang;1;chimie;1;;;;;;;;;;;;;;;;
;;;;;;électricité;1;mort;1;maintenance;1;;;;;;;;;;;;;;;;;;
;;;;;;lagon;1;7 nains;1;assiette;1;;;;;;;;;;;;;;;;;;
;;;;;;terre exploitée;1;incompétence;1;altérite;1;;;;;;;;;;;;;;;;;;
;;;;;;projet lucy;1;guerre civile;1;;;;;;;;;;;;;;;;;;;;
;;;;;;pollueur;1;condition de travail;1;;;;;;;;;;;;;;;;;;;;
;;;;;;problème foncier;1;ouaco;1;;;;;;;;;;;;;;;;;;;;
;;;;;;soufre;1;classe sociale;1;;;;;;;;;;;;;;;;;;;;
;;;;;;prélèvement;1;chaudière;1;;;;;;;;;;;;;;;;;;;;
;;;;;;bronze;1;vapeur;1;;;;;;;;;;;;;;;;;;;;
;;;;;;matériel;1;garçon;1;;;;;;;;;;;;;;;;;;;;
;;;;;;ican;1;trafigura;1;;;;;;;;;;;;;;;;;;;;
;;;;;;effondrement;1;tôt;1;;;;;;;;;;;;;;;;;;;;
;;;;;;;;partiel;1;;;;;;;;;;;;;;;;;;;;
;;;;;;;;nuit;1;;;;;;;;;;;;;;;;;;;;
;;;;;;;;massif minier;1;;;;;;;;;;;;;;;;;;;;
;;;;;;;;mécanique;1;;;;;;;;;;;;;;;;;;;;
;;;;;;;;roue-pelle;1;;;;;;;;;;;;;;;;;;;;
;;;;;;;;stérile;1;;;;;;;;;;;;;;;;;;;;
;;;;;;;;calamine;1;;;;;;;;;;;;;;;;;;;;
