mot 1;nb 1;mot 2;nb 2;mot 3;nb 3;mot 4;nb 4;mot 5;nb 5;mot 6;nb 6;mot 7;nb 7;mot 8;nb 8;mot 9;nb 9;mot 10;nb 10;mot 11;nb 11;mot 12;nb 12;mot 13;nb 13;mot 14;nb 14;mot 15;nb 15;mot 16;nb 16;mot 17;nb 17;mot 18;nb 18
pollution;35;pollution;28;pollution;16;pollution;15;économie;8;pollution;9;emploi;4;économie;4;restauration écologique;3;valorisation;2;adaptation;1;emploi;1;impact environnemental;1;emploi;2;conscience;1;impact environnemental;1;avenir;1;incertitude;1
épuisable;18;impact environnemental;17;emploi;15;emploi;14;pollution;7;impact environnemental;9;pollution;3;emploi;2;exploitation;2;pollution;1;impact environnemental;1;épuisable;1;ressource;1;arrêt;1;éducation;1;nature;1;chômage;1;scientifique;1
impact environnemental;17;économie;16;épuisable;11;épuisable;7;emploi;6;économie;6;énergie renouvelable;3;avenir;2;impact environnemental;2;activité minière;1;international;1;démolition;1;échec;1;montagne;1;poussière;1;mauvais;1;paix;1;base;1
néant;11;épuisable;14;économie;8;impact environnemental;6;végétalisation;6;emploi;5;entente;2;conflit;2;ressource;2;épuisable;1;végétalisation;1;dédommagement;1;dette;1;enfant;1;préservation;1;maladie;1;laboratoire;1;;
automatisation;11;emploi;13;impact environnemental;7;économie;6;impact environnemental;5;développement;3;montagne;2;végétalisation;2;écologie;2;politique;1;évolution;1;revenu;1;préoccupation;1;dette;1;implication;1;fonds nickel;1;voyage;1;;
emploi;10;végétalisation;10;ressource;7;conflit;5;ressource;4;diversification;3;impact environnemental;2;déchet;2;arrêt;1;indépendance;1;déchet;1;désintérêt;1;éducation;1;conscience environnementale;1;voiture;1;ruine;1;endémisme;1;;
ressource;10;ressource;9;démolition;7;développement;5;paysage;4;richesse;3;ressource;2;dédommagement;2;emploi;1;conflit;1;développement;1;restauration écologique;1;machine;1;prime;1;déception;1;;;;;;
fin;10;démolition;9;déforestation;6;richesse;5;exploitation;3;épuisable;2;avenir;2;gestion;1;pollution;1;végétalisation;1;déforestation;1;roche;1;économie durable;1;fougère;1;;;;;;;;
technologie;9;conflit;7;automatisation;6;extinction;5;projet;3;ressource;2;démolition;2;difficile;1;épuisable;1;fin;1;production;1;responsabilité;1;bourse;1;;;;;;;;;;
montagne;7;énergie renouvelable;6;gestion;5;nickel;4;conflit;3;nature;2;tourisme;2;néant;1;projet;1;déchet;1;résilience;1;égalité;1;maintenance;1;;;;;;;;;;
exploitation;7;richesse;6;végétalisation;5;ressource;4;déforestation;3;indépendance;2;enfant;2;décharge;1;politique;1;préjudice;1;mouvement;1;division;1;repos;1;;;;;;;;;;
démolition;7;technologie;5;argent;5;projet;4;richesse;3;conflit;2;accroissement;2;exploitation;1;argent;1;décentralisation;1;maladie;1;co1;1;endémisme;1;;;;;;;;;;
écologie;7;indépendance;4;chômage;5;végétalisation;4;écologie;3;végétalisation;2;richesse;2;impact environnemental;1;durable;1;métier à risque;1;solution;1;lac;1;;;;;;;;;;;;
végétalisation;6;fin;4;néant;4;argent;4;épuisable;2;jeune;2;usine;2;ressource;1;innovation;1;exportation;1;scorie;1;;;;;;;;;;;;;;
immobile;6;évolution;4;conflit;4;exploitation;3;montagne;2;évolution;2;maladie;2;démolition;1;développement durable;1;minerai;1;grève;1;;;;;;;;;;;;;;
durable;6;développement;4;évolution;4;nature;3;rendement;2;chine;2;infrastructure;2;flore;1;récif;1;batterie;1;interdiction;1;;;;;;;;;;;;;;
développement;6;déforestation;4;problème;4;problème;3;pauvreté;2;changement;2;arrêt;1;argent;1;sécurité;1;alternative énergétique;1;voiture;1;;;;;;;;;;;;;;
perte;6;revenu;4;technologie;4;technologie;3;nouvelle-calédonie;2;réduction;2;gestion;1;fin;1;économie circulaire;1;investissement;1;diplôme;1;;;;;;;;;;;;;;
économie;5;automatisation;4;richesse;4;accroissement;3;politique;2;automatisation;2;projet;1;amélioration;1;polémique;1;diagnostic;1;hiérarchie;1;;;;;;;;;;;;;;
amélioration;5;arrêt;3;extinction;4;chômage;3;indépendance;2;santé;2;économie;1;accroissement;1;éducation;1;partage;1;insecte;1;;;;;;;;;;;;;;
extinction;5;néant;3;montagne;3;sale;3;évolution;2;tension;2;conflit;1;développement tribal;1;conséquence;1;réappropriation;1;incendie;1;;;;;;;;;;;;;;
arrêt;4;pauvreté;3;exploitation;3;enjeu;2;problème;2;produit fini;2;végétalisation;1;nouveauté;1;métallurgie;1;déprivatisation;1;;;;;;;;;;;;;;;;
indépendance;4;avenir;3;durable;3;régulation;2;diversification;2;maison;2;immobile;1;développement durable;1;maladie;1;drone;1;;;;;;;;;;;;;;;;
insuffisant;4;incertitude;3;énergie renouvelable;3;avenir;2;chômage;2;arrêt;1;évolution;1;limité;1;exportation;1;fiscalité;1;;;;;;;;;;;;;;;;
après-nickel;3;flore;3;développement;3;politique;2;usine;2;gestion;1;image;1;abandon;1;batterie;1;manifestation;1;;;;;;;;;;;;;;;;
incertitude;3;agriculture;3;rapidité;3;enfant;2;développement durable;2;enjeu;1;technologie;1;extinction;1;sale;1;véridique;1;;;;;;;;;;;;;;;;
inconnu;3;perte;3;écologie;3;déchet;2;main d’oeuvre;2;régulation;1;développement;1;réchauffement climatique;1;découverte;1;avancée technologique;1;;;;;;;;;;;;;;;;
argent;3;extinction;3;dette;3;énergie renouvelable;2;pib;2;néant;1;paysage;1;famille;1;écosystème;1;mort;1;;;;;;;;;;;;;;;;
innovation;3;surexploitation;3;valorisation;3;diversification;2;sécurité;2;après-nickel;1;forêt;1;chine;1;remontée de gaz;1;obscure;1;;;;;;;;;;;;;;;;
déclin;3;progrès;3;arrêt;2;abandon;2;dégradation;2;rebondissement;1;nouveauté;1;dégradation;1;reconversion;1;faune;1;;;;;;;;;;;;;;;;
dégradation;3;respect environnemental;3;irréel;2;échange international;2;changement;2;exploitation;1;développement durable;1;référendum;1;diagnostic;1;monotone;1;;;;;;;;;;;;;;;;
inexistant;3;indispensable;2;avenir;2;main d’oeuvre;2;éducation;2;pauvreté;1;acier;1;métallurgie;1;aménagement;1;;;;;;;;;;;;;;;;;;
faillite;3;gestion;2;incertitude;2;terre;2;batterie;2;avenir;1;limité;1;or;1;électronique;1;;;;;;;;;;;;;;;;;;
crise économique;3;montagne;2;inconnu;2;déclin;2;population;2;vision;1;alternative;1;automatisation;1;usoenc;1;;;;;;;;;;;;;;;;;;
nickel;2;exploitation;2;tourisme;2;chine;2;biodiversité;2;démolition;1;extinction;1;exportation;1;purification;1;;;;;;;;;;;;;;;;;;
avenir;2;nickel;2;fin;2;automatisation;2;nouveau minerai;2;projet;1;famille;1;sous-produit;1;toxicité;1;;;;;;;;;;;;;;;;;;
conflit;2;nature;2;bénéfice;2;exportation;2;fonds nickel;2;politique;1;échange international;1;batterie;1;métal;1;;;;;;;;;;;;;;;;;;
évolution;2;projet;2;non-renouvelable;2;investissement;2;recherche;2;balance;1;lien social;1;guerre civile;1;kanaky dawany;1;;;;;;;;;;;;;;;;;;
déchet;2;international;2;perte;2;corruption;2;humain;2;fin;1;production;1;poussière;1;tôt;1;;;;;;;;;;;;;;;;;;
paysage;2;argent;2;limité;2;connecté;2;voiture;2;bénéfice;1;mal-être;1;sale;1;soir;1;;;;;;;;;;;;;;;;;;
développement durable;2;bénéfice;2;main d’oeuvre;2;creuser;1;droit;1;énergie renouvelable;1;chine;1;stable;1;eau;1;;;;;;;;;;;;;;;;;;
dégât;2;durable;2;technique;2;néant;1;indispensable;1;problème;1;technique;1;investissement;1;système;1;;;;;;;;;;;;;;;;;;
revenu;2;non-renouvelable;2;commerce;2;activité minière;1;enjeu;1;technologie;1;écologie;1;développer;1;incendie;1;;;;;;;;;;;;;;;;;;
similaire;2;problème;2;changement;2;montagne;1;concurrence;1;retombée;1;logique;1;cafat;1;;;;;;;;;;;;;;;;;;;;
complexe;2;abondance;2;éducation;2;redistribution;1;néant;1;amélioration;1;changement;1;enquête;1;;;;;;;;;;;;;;;;;;;;
dangereux;2;développement durable;2;machine;2;action;1;après-nickel;1;forêt;1;charbon;1;économie sociale et solidaire;1;;;;;;;;;;;;;;;;;;;;
valorisation;2;abandon;2;maladie;2;pauvreté;1;adaptation;1;association;1;automatisation;1;foreuse;1;;;;;;;;;;;;;;;;;;;;
restauration écologique;2;main d’oeuvre;2;risque;2;démolition;1;rivière;1;nouveauté;1;inexistant;1;sentier touristique;1;;;;;;;;;;;;;;;;;;;;
exportation;2;production;2;surexploitation;2;inconnu;1;démolition;1;perte;1;exportation;1;réalisation;1;;;;;;;;;;;;;;;;;;;;
surexploitation;2;similaire;2;importation;2;international;1;nature;1;chaîne de production;1;batterie;1;transport;1;;;;;;;;;;;;;;;;;;;;
biodiversité;2;écologie;2;biodiversité;2;indépendance;1;industrie;1;malheur;1;sud;1;patrimoine;1;;;;;;;;;;;;;;;;;;;;
propre;2;sécurité;2;recyclage;2;évolution;1;inconnu;1;échange international;1;poussière;1;mort;1;;;;;;;;;;;;;;;;;;;;
évolution technologique;2;dégradation;2;rare;2;durable;1;lagon;1;main d’oeuvre;1;sale;1;construction;1;;;;;;;;;;;;;;;;;;;;
respect;2;machine;2;investissement;2;abîmé;1;argent;1;lien social;1;stable;1;ressource naturelle;1;;;;;;;;;;;;;;;;;;;;
asséché;2;réduction;2;partage;2;océan;1;enfant;1;terre;1;mondialisation;1;différenciation sociale;1;;;;;;;;;;;;;;;;;;;;
respect environnemental;2;mondialisation;2;voiture;2;crise;1;non-renouvelable;1;nouvel ordre mondial;1;découverte;1;arbre;1;;;;;;;;;;;;;;;;;;;;
éphémère;2;procédé;2;projet lucy;2;abondance;1;énergie renouvelable;1;profit;1;progrès;1;matin;1;;;;;;;;;;;;;;;;;;;;
développer;2;respect;2;indispensable;1;agriculture;1;technologie;1;énergie;1;faillite;1;eau;1;;;;;;;;;;;;;;;;;;;;
nouvelle technique;2;vert;2;entente;1;amélioration;1;développement;1;écologie;1;équipe;1;cotisation;1;;;;;;;;;;;;;;;;;;;;
irréel;1;aménagement;2;après-nickel;1;paysage;1;demande;1;sln;1;respect;1;accident;1;;;;;;;;;;;;;;;;;;;;
indispensable;1;usine de doniambo;1;activité minière;1;déforestation;1;crise;1;dette;1;aide;1;;;;;;;;;;;;;;;;;;;;;;
gestion;1;irréel;1;décharge;1;perte;1;innovation;1;dégradation;1;écosystème;1;;;;;;;;;;;;;;;;;;;;;;
concurrence;1;enjeu;1;redistribution;1;reconnaissance;1;accroissement;1;hydrocarbure;1;roche;1;;;;;;;;;;;;;;;;;;;;;;
régulation;1;après-nickel;1;rendement;1;développement durable;1;nouveauté;1;appauvrissement;1;bourse;1;;;;;;;;;;;;;;;;;;;;;;
projet;1;poisson;1;repère;1;dégât;1;dégât;1;menace;1;capitalisme;1;;;;;;;;;;;;;;;;;;;;;;
politique;1;rendement;1;adaptation;1;famille;1;alternative;1;éducation;1;réaménagement;1;;;;;;;;;;;;;;;;;;;;;;
flore;1;tradition;1;nickel;1;entreprise;1;culture;1;machine;1;économie verte;1;;;;;;;;;;;;;;;;;;;;;;
thio;1;nouvelle-calédonie;1;rivière;1;dominance;1;coutumier;1;tranquillité;1;performance;1;;;;;;;;;;;;;;;;;;;;;;
pérenne;1;industrie;1;positif - négatif;1;énergie;1;production;1;charbon;1;voiture;1;;;;;;;;;;;;;;;;;;;;;;
bénéfice;1;politique;1;industrie;1;besoin;1;produit;1;restauration écologique;1;20 ans;1;;;;;;;;;;;;;;;;;;;;;;
non-renouvelable;1;fournisseur;1;indépendance;1;écologie;1;énergie;1;ges;1;climat;1;;;;;;;;;;;;;;;;;;;;;;
énergie renouvelable;1;train;1;pérenne;1;rentable;1;stratégique;1;solution;1;transport;1;;;;;;;;;;;;;;;;;;;;;;
problème;1;pérenne;1;jeune;1;sécurité;1;quota;1;exportation;1;visionnaire;1;;;;;;;;;;;;;;;;;;;;;;
crise;1;enfant;1;enfant;1;dégradation;1;réorientation;1;minerai;1;chimie;1;;;;;;;;;;;;;;;;;;;;;;
province sud;1;déchet;1;retombée;1;changement;1;appauvrissement;1;nord;1;blocage;1;;;;;;;;;;;;;;;;;;;;;;
accroissement;1;océan;1;crise;1;éducation;1;référendum;1;surexploitation;1;choix;1;;;;;;;;;;;;;;;;;;;;;;
richesse;1;demandé;1;paysage;1;mercantile;1;écoresponsable;1;sale;1;télévision;1;;;;;;;;;;;;;;;;;;;;;;
chômage;1;demande;1;nuisance;1;valorisation;1;maladie;1;découverte;1;bulle;1;;;;;;;;;;;;;;;;;;;;;;
usine;1;innovation;1;accroissement;1;métallurgie;1;automatisation;1;condition de travail;1;chaos;1;;;;;;;;;;;;;;;;;;;;;;
limité;1;amélioration;1;reconnaissance;1;maladie;1;ges;1;propre;1;terrain;1;;;;;;;;;;;;;;;;;;;;;;
matériau alternatif;1;paysage;1;usine;1;charbon;1;exportation;1;industrialisation;1;;;;;;;;;;;;;;;;;;;;;;;;
conscience;1;association;1;dégât;1;minerai;1;minerai;1;préservation;1;;;;;;;;;;;;;;;;;;;;;;;;
réchauffement climatique;1;nouveauté;1;alternative;1;batterie;1;latérite;1;écosystème;1;;;;;;;;;;;;;;;;;;;;;;;;
récif;1;chômage;1;prony resources;1;usine du nord;1;investissement;1;coopération;1;;;;;;;;;;;;;;;;;;;;;;;;
projection;1;limité;1;mauvais;1;guerre civile;1;nouvelle technologie;1;compagnie minière;1;;;;;;;;;;;;;;;;;;;;;;;;
échange international;1;dégât;1;entreprise;1;stable;1;procédé;1;raisonnable;1;;;;;;;;;;;;;;;;;;;;;;;;
pire;1;alternative;1;lien social;1;mondialisation;1;carrière;1;autosuffisant;1;;;;;;;;;;;;;;;;;;;;;;;;
espoir;1;réchauffement climatique;1;terre;1;découverte;1;respect;1;intérêt;1;;;;;;;;;;;;;;;;;;;;;;;;
malhonnêteté;1;mauvais;1;bâtiment;1;nouvelle mine;1;aide;1;horaire;1;;;;;;;;;;;;;;;;;;;;;;;;
profit;1;cyclone;1;revenu;1;local;1;coopération;1;bourse;1;;;;;;;;;;;;;;;;;;;;;;;;
grand;1;maléfique;1;profit;1;expulsion;1;autonomie;1;atout;1;;;;;;;;;;;;;;;;;;;;;;;;
pib;1;dédommagement;1;déclin;1;zone de travail;1;nouvelle machine;1;décroissance;1;;;;;;;;;;;;;;;;;;;;;;;;
survivre;1;déclin;1;sln;1;bruit;1;roche;1;enrichissement;1;;;;;;;;;;;;;;;;;;;;;;;;
échec;1;chine;1;sécurité;1;apport;1;emploi non-qualifié;1;eramet;1;;;;;;;;;;;;;;;;;;;;;;;;
rentable;1;pib;1;dégradation;1;modernisation;1;infrastructure;1;musée;1;;;;;;;;;;;;;;;;;;;;;;;;
inutile;1;commerce;1;outil;1;préservation;1;vert;1;personnel;1;;;;;;;;;;;;;;;;;;;;;;;;
quota;1;meilleure exploitation;1;appauvrissement;1;respect;1;important;1;nouveau dispositif;1;;;;;;;;;;;;;;;;;;;;;;;;
transition énergétique;1;transformation;1;dangereux;1;insécurité;1;matérialiste;1;charbon vert;1;;;;;;;;;;;;;;;;;;;;;;;;
transformation;1;changement;1;métallurgie;1;présent;1;emblématique;1;cher;1;;;;;;;;;;;;;;;;;;;;;;;;
machine;1;éducation;1;restauration écologique;1;coopération;1;respect environnemental;1;matière;1;;;;;;;;;;;;;;;;;;;;;;;;
écoresponsable;1;obsolescence;1;solution;1;traitement;1;basculer;1;matériel;1;;;;;;;;;;;;;;;;;;;;;;;;
utilisation;1;valorisation;1;empreinte carbone;1;roche;1;bien-être;1;fer;1;;;;;;;;;;;;;;;;;;;;;;;;
obsolescence;1;explosion;1;condition de travail;1;compagnie minière;1;opportunité;1;téléphone;1;;;;;;;;;;;;;;;;;;;;;;;;
maladie;1;restauration écologique;1;assèchement;1;santé;1;convoitise;1;garçon;1;;;;;;;;;;;;;;;;;;;;;;;;
minerai;1;inexistant;1;efficace;1;égoïste;1;individuel;1;;;;;;;;;;;;;;;;;;;;;;;;;;
accessibilité;1;minerai;1;fonds nickel;1;respect environnemental;1;crise économique;1;;;;;;;;;;;;;;;;;;;;;;;;;;
batterie;1;garniérite;1;évolution écologique;1;embargo;1;véhicule;1;;;;;;;;;;;;;;;;;;;;;;;;;;
interrogation;1;population;1;mineur;1;juste;1;mafia;1;;;;;;;;;;;;;;;;;;;;;;;;;;
stable;1;eau salubre;1;croissance économique;1;ouverture;1;délocalisation;1;;;;;;;;;;;;;;;;;;;;;;;;;;
découverte;1;condition de travail;1;modernisation;1;recherche;1;promesse d’embauche;1;;;;;;;;;;;;;;;;;;;;;;;;;;
assèchement;1;recyclage;1;préservation;1;remplaçable;1;défaillance;1;;;;;;;;;;;;;;;;;;;;;;;;;;
mine énergétique;1;mine de matériau;1;respect;1;responsabilité;1;engin;1;;;;;;;;;;;;;;;;;;;;;;;;;;
point fort;1;efficace;1;aide;1;horaire;1;qualité;1;;;;;;;;;;;;;;;;;;;;;;;;;;
investissement;1;mine;1;actif;1;uniformisation;1;pessimisme;1;;;;;;;;;;;;;;;;;;;;;;;;;;
avantage fiscal;1;investissement;1;vente;1;atout;1;réflexion;1;;;;;;;;;;;;;;;;;;;;;;;;;;
nouvelle technologie;1;rachat;1;défaitiste;1;potentiel;1;rentabilité;1;;;;;;;;;;;;;;;;;;;;;;;;;;
modernisation;1;avantage fiscal;1;insuffisant;1;multiculturel;1;ressource insuffisante;1;;;;;;;;;;;;;;;;;;;;;;;;;;
préservation;1;évolution technologique;1;responsabilité;1;ftn;1;électricité;1;;;;;;;;;;;;;;;;;;;;;;;;;;
ralentissement;1;préservation;1;surface;1;prévention;1;compréhension;1;;;;;;;;;;;;;;;;;;;;;;;;;;
insécurité;1;ralentissement;1;vieillot;1;retrait;1;alternative écologique;1;;;;;;;;;;;;;;;;;;;;;;;;;;
présent;1;asséché;1;horaire;1;réaménagement;1;village;1;;;;;;;;;;;;;;;;;;;;;;;;;;
lumineux;1;traitement;1;tension;1;utile;1;foncier;1;;;;;;;;;;;;;;;;;;;;;;;;;;
inexploitable;1;autonomie;1;site minier;1;économie verte;1;informer;1;;;;;;;;;;;;;;;;;;;;;;;;;;
instabilité;1;roche;1;reconversion;1;transition écologique;1;fille;1;;;;;;;;;;;;;;;;;;;;;;;;;;
vale;1;infrastructure;1;fédération;1;consommation écologique;1;tesla;1;;;;;;;;;;;;;;;;;;;;;;;;;;
juste;1;insuffisant;1;atout;1;exploitation raisonnée;1;trafigura;1;;;;;;;;;;;;;;;;;;;;;;;;;;
responsabilité;1;anti-pollution;1;stage;1;restructuration;1;fumée;1;;;;;;;;;;;;;;;;;;;;;;;;;;
reconversion;1;recherche géologique;1;mixte;1;précision;1;;;;;;;;;;;;;;;;;;;;;;;;;;;;
schéma minier;1;kns;1;désaccord;1;pessimisme;1;;;;;;;;;;;;;;;;;;;;;;;;;;;;
produit fini;1;développer;1;contrainte;1;projet lucy;1;;;;;;;;;;;;;;;;;;;;;;;;;;;;
désaccord;1;abus;1;personne;1;budget;1;;;;;;;;;;;;;;;;;;;;;;;;;;;;
ruine;1;dispensable;1;étude d’impact;1;technique de travail;1;;;;;;;;;;;;;;;;;;;;;;;;;;;;
catastrophe;1;vol;1;aménagement;1;patrimoine;1;;;;;;;;;;;;;;;;;;;;;;;;;;;;
carence;1;reconversion;1;utile;1;métal;1;;;;;;;;;;;;;;;;;;;;;;;;;;;;
crayon;1;scorie;1;frein;1;high design;1;;;;;;;;;;;;;;;;;;;;;;;;;;;;
progrès technique;1;titre minier;1;crise économique;1;rongeur;1;;;;;;;;;;;;;;;;;;;;;;;;;;;;
promesse d’embauche;1;bourse;1;crise emploi;1;tâche;1;;;;;;;;;;;;;;;;;;;;;;;;;;;;
engin;1;ruine;1;surconsommation;1;restreindre;1;;;;;;;;;;;;;;;;;;;;;;;;;;;;
voiture;1;commerce international;1;production propre;1;micro-entreprise;1;;;;;;;;;;;;;;;;;;;;;;;;;;;;
positif;1;liquidation;1;exploitation raisonnée;1;accord;1;;;;;;;;;;;;;;;;;;;;;;;;;;;;
capital étranger;1;crise économique;1;identification;1;sensibiliser;1;;;;;;;;;;;;;;;;;;;;;;;;;;;;
misère;1;économie verte;1;délocalisation;1;orienter;1;;;;;;;;;;;;;;;;;;;;;;;;;;;;
projet lucy;1;propreté;1;performance;1;équité;1;;;;;;;;;;;;;;;;;;;;;;;;;;;;
gestion des déchets;1;nouveau procédé;1;lithium;1;activité économique;1;;;;;;;;;;;;;;;;;;;;;;;;;;;;
plante hyperaccumulatrice;1;délocalisation;1;engin;1;;;;;;;;;;;;;;;;;;;;;;;;;;;;;;
secteur économique;1;division;1;appropriation;1;;;;;;;;;;;;;;;;;;;;;;;;;;;;;;
mine locale;1;progrès technique;1;rééquilibrage;1;;;;;;;;;;;;;;;;;;;;;;;;;;;;;;
utopie;1;cours;1;engin d’extraction;1;;;;;;;;;;;;;;;;;;;;;;;;;;;;;;
sans avenir;1;renforcement;1;inondation;1;;;;;;;;;;;;;;;;;;;;;;;;;;;;;;
énergie fossile;1;technicien;1;engin hybride;1;;;;;;;;;;;;;;;;;;;;;;;;;;;;;;
nouveau paysage;1;valeur économique;1;fraude;1;;;;;;;;;;;;;;;;;;;;;;;;;;;;;;
tapis roulant;1;projet lucy;1;mort;1;;;;;;;;;;;;;;;;;;;;;;;;;;;;;;
malédiction;1;transport;1;terre détruite;1;;;;;;;;;;;;;;;;;;;;;;;;;;;;;;
exploitation durable;1;rentabilité;1;avancé;1;;;;;;;;;;;;;;;;;;;;;;;;;;;;;;
prix à payer;1;technique moderne;1;nouveau matériau;1;;;;;;;;;;;;;;;;;;;;;;;;;;;;;;
responsable;1;énergie fossile;1;air polluée;1;;;;;;;;;;;;;;;;;;;;;;;;;;;;;;
artificiel;1;nouvelle construction;1;création;1;;;;;;;;;;;;;;;;;;;;;;;;;;;;;;
affaiblissement;1;honneur;1;fer;1;;;;;;;;;;;;;;;;;;;;;;;;;;;;;;
roue-pelle;1;entraide;1;racheteur;1;;;;;;;;;;;;;;;;;;;;;;;;;;;;;;
pouvoir;1;durée;1;dépassé;1;;;;;;;;;;;;;;;;;;;;;;;;;;;;;;
solution écologique;1;camion;1;relief;1;;;;;;;;;;;;;;;;;;;;;;;;;;;;;;
;;arbre;1;serpentine;1;;;;;;;;;;;;;;;;;;;;;;;;;;;;;;
;;histoire;1;attention;1;;;;;;;;;;;;;;;;;;;;;;;;;;;;;;
;;fumée;1;dispute;1;;;;;;;;;;;;;;;;;;;;;;;;;;;;;;
;;matière première;1;jalousie;1;;;;;;;;;;;;;;;;;;;;;;;;;;;;;;
;;érosion;1;sacré;1;;;;;;;;;;;;;;;;;;;;;;;;;;;;;;
;;plante;1;nouvelle ressource;1;;;;;;;;;;;;;;;;;;;;;;;;;;;;;;
