mot 1;nb 1;mot 2;nb 2;mot 3;nb 3;mot 4;nb 4;mot 5;nb 5;mot 6;nb 6;mot 7;nb 7;mot 8;nb 8;mot 9;nb 9;mot 10;nb 10;mot 11;nb 11;mot 12;nb 12;mot 13;nb 13;mot 14;nb 14;mot 15;nb 15
nickel;83;impact environnemental;39;impact environnemental;33;emploi;28;impact environnemental;21;impact environnemental;29;impact environnemental;24;impact environnemental;10;emploi;15;impact environnemental;11;impact environnemental;7;impact environnemental;5;impact environnemental;8;montagne;4;impact environnemental;4
minerai;35;emploi;32;pollution;29;impact environnemental;28;emploi;18;emploi;19;pollution;12;pollution;8;impact environnemental;10;emploi;7;pollution;4;montagne;4;pollution;4;biodiversité;4;main d’oeuvre;2
emploi;28;nickel;30;emploi;28;pollution;27;pollution;16;pollution;16;usine;11;économie du pays;8;pollution;7;pollution;6;conflit;4;pollution;3;emploi;4;emploi;3;structure;2
impact environnemental;24;pollution;26;nickel;25;économie du pays;24;conflit;14;nickel;13;emploi;9;conflit;8;économie du pays;6;conflit;5;exploitation;4;emploi;3;développement;3;conflit;3;passé;1
économie du pays;23;minerai;23;minerai;19;usine;18;nickel;13;engin;13;opérateur minier;9;exploitation;7;exploitation;6;biodiversité;4;emploi;3;développement;3;économie du pays;2;nickel;3;économie du pays;1
exploitation;22;économie du pays;21;exploitation;16;terre;16;engin;12;minerai;10;engin;8;usine;7;usine;5;commerce;4;nickel;3;minerai;3;milieu;2;impact environnemental;2;coutume;1
pollution;18;revenu;18;engin;16;exploitation;15;opérateur minier;12;conflit;9;économie du pays;7;vision positive de la ressource;7;montagne;4;exploitation;3;terre;3;opérateur minier;3;main d’oeuvre;2;opérateur minier;2;milieu;1
terre;17;engin;15;usine;14;conflit;14;économie du pays;11;usine;9;conflit;7;terre;6;minerai;4;main d’oeuvre;3;santé;3;production énergétique;3;usine;2;pollution;1;amélioration environnementale;1
richesse;16;usine;15;économie du pays;13;vision positive de la ressource;13;minerai;10;commerce;9;nickel;7;commerce;6;secteur nickel;4;minerai;3;économie du pays;2;amélioration environnementale;2;santé;2;économie du pays;1;biodiversité;1
engin;16;richesse;13;terre;13;minerai;11;développement;9;richesse;8;procédé industriel;6;emploi;5;conflit;3;terre;3;coutume;2;engin;2;avenir;2;vision négative de la ressource;1;usine;1
usine;15;exploitation;13;richesse;11;nickel;10;terre;9;exploitation;8;commerce;6;politique;5;engin;3;opérateur minier;3;inégalité;2;terre;2;richesse;1;production;1;opérateur minier;1
revenu;14;terre;13;revenu;11;revenu;8;usine;9;opérateur minier;8;richesse;5;production énergétique;5;terre;3;santé;3;main d’oeuvre;2;usine;2;vision négative de la ressource;1;amélioration environnementale;1;secteur nickel;1
opérateur minier;10;opérateur minier;13;opérateur minier;11;engin;8;commerce;9;revenu;7;milieu;5;métallurgie;5;description minière;3;métallurgie;3;biodiversité;2;secteur nickel;2;revenu;1;exploitation;1;calédonien;1
montagne;9;montagne;11;montagne;10;richesse;7;exploitation;8;production;6;main d’oeuvre;5;revenu;4;industrie;3;économie du pays;2;développement;2;investissement;2;production;1;engin;1;investissement;1
description minière;8;vision positive de la ressource;11;vision positive de la ressource;9;montagne;7;richesse;7;danger;6;développement;5;nickel;4;foncier;3;revenu;2;site minier;2;formation;2;exploitation;1;relation france;1;procédé industriel;1
vision positive de la ressource;7;main d’oeuvre;9;conflit;8;main d’oeuvre;7;revenu;7;ressource non-renouvelable;6;minerai;5;montagne;4;passé;2;nickel;2;minerai;2;épuisement de la ressource;2;montagne;1;description minière;1;enjeu;1
ressource non-renouvelable;6;nouvelle-calédonie;8;milieu;7;ressource non-renouvelable;7;milieu;7;économie du pays;5;relation internationale;5;engin;4;revenu;2;amélioration environnementale;2;prospection minière;2;changement climatique;1;biodiversité;1;usine;1;dérive politique;1
milieu;5;industrie;6;industrie;7;production;6;main d’oeuvre;7;amélioration environnementale;5;montagne;4;épuisement de la ressource;4;nickel;2;engin;2;usine;2;passé;1;engin;1;nouvelle-calédonie;1;fer;1
conflit;4;ressource non-renouvelable;6;ressource non-renouvelable;7;milieu;6;prospection minière;7;nouvelle-calédonie;5;terre;4;changement climatique;3;production;2;relation internationale;2;famille;2;richesse;1;minerai;1;secteur nickel;1;localité;1
main d’oeuvre;4;conflit;5;main d’oeuvre;6;opérateur minier;6;localité;7;vision positive de la ressource;5;prospection minière;4;richesse;3;main d’oeuvre;2;investissement;2;dérive politique;2;conflit;1;terre;1;vision positive de la ressource;1;politique;1
développement;4;description minière;5;nuisance;6;commerce;6;montagne;6;exportation;5;danger;4;production;3;développement;2;procédé industriel;2;équipement;2;nickel;1;relation france;1;investissement;1;commerce;1
outillage;4;nuisance;5;développement;5;développement;5;vision positive de la ressource;5;main d’oeuvre;4;équipement;4;inégalité;3;relation internationale;2;balance positive-négative;2;avenir;2;production;1;indépendance;1;formation;1;ressource non-renouvelable;1
industrie;3;machine;5;localité;5;description minière;4;condition de travail;5;développement;4;politique;4;minerai;3;opérateur minier;2;condition de travail;2;travail difficile;2;inégalité;1;description minière;1;balance positive-négative;1;déclin;1
nouvelle-calédonie;2;production;4;passé;4;nouvelle-calédonie;4;production;4;prospection minière;4;exploitation;3;relation internationale;3;procédé industriel;2;représentation opérateur;2;changement climatique;1;exploitation;1;relation internationale;1;outillage;1;;
secteur nickel;2;développement;4;amélioration environnementale;4;travail difficile;4;biodiversité;4;description minière;4;relation france;3;opérateur minier;3;exportation;2;transition;2;revenu;1;biodiversité;1;opérateur minier;1;politique;1;;
procédé industriel;2;coutume;3;investissement;4;coutume;3;description minière;4;outillage;4;secteur nickel;3;procédé industriel;3;transition;2;localité;2;milieu;1;description minière;1;calédonien;1;entreprise;1;;
nuisance;2;milieu;3;outillage;4;amélioration environnementale;3;investissement;4;transition;4;vision positive de la ressource;3;danger;3;épuisement de la ressource;2;équipement;2;amélioration environnementale;1;industrie;1;procédé industriel;1;sous-traitance;1;;
foncier;2;prospection minière;3;épuisement de la ressource;4;prospection minière;3;dérive politique;4;biodiversité;3;investissement;3;enjeu;3;politique;2;ressource non-renouvelable;2;montagne;1;danger;1;danger;1;avenir;1;;
fer;2;procédé industriel;3;prospection minière;3;relation internationale;3;épuisement de la ressource;4;relation france;3;famille;3;condition de travail;3;commerce;2;croissance minière;2;engin;1;exportation;1;exportation;1;structure;1;;
commerce;2;foncier;3;description minière;3;danger;3;changement climatique;3;relation internationale;3;condition de travail;3;ressource non-renouvelable;3;entreprise;2;changement climatique;1;description minière;1;enjeu;1;foncier;1;crise;1;;
passé;1;danger;2;foncier;3;transition;3;passé;3;procédé industriel;3;localité;3;machine;3;revalorisation de la ressource;2;passé;1;relation internationale;1;famille;1;transition;1;;;;
coutume;1;famille;2;équipement;3;localité;3;amélioration environnementale;3;famille;3;épuisement de la ressource;3;passé;2;travail difficile;2;richesse;1;secteur nickel;1;nuisance;1;justice sociale;1;;;;
amélioration environnementale;1;outillage;2;commerce;3;changement climatique;2;relation internationale;3;nuisance;3;entreprise;3;coutume;2;changement climatique;1;production;1;vision positive de la ressource;1;foncier;1;épuisement de la ressource;1;;;;
biodiversité;1;transition;2;machine;3;biodiversité;2;procédé industriel;3;localité;3;métallurgie;3;main d’oeuvre;2;vision négative de la ressource;1;inégalité;1;investissement;1;transition;1;commerce;1;;;;
site minier;1;localité;2;changement climatique;2;relation france;2;exportation;3;équipement;3;changement climatique;2;développement;2;milieu;1;montagne;1;danger;1;sentiment négatif;1;entreprise;1;;;;
prospection minière;1;secteur indispensable;2;production;2;indépendance;2;enjeu;3;entreprise;3;revenu;2;prospection minière;2;inégalité;1;relation france;1;nuisance;1;localité;1;métallurgie;1;;;;
relation france;1;politique;2;relation france;2;investissement;2;nuisance;3;machine;3;amélioration environnementale;2;formation;2;biodiversité;1;description minière;1;condition de travail;1;politique;1;fiscalité;1;;;;
relation internationale;1;métallurgie;2;nouvelle-calédonie;2;balance positive-négative;2;production énergétique;3;vision négative de la ressource;2;inégalité;2;famille;2;vision positive de la ressource;1;industrie;1;outillage;1;commerce;1;sous-traitance;1;;;;
secteur indispensable;1;travail difficile;2;secteur nickel;2;outillage;2;sécurité;3;montagne;2;biodiversité;2;sécurité;2;calédonien;1;usine;1;représentation opérateur;1;maintien de l’exploitation;1;déclin;1;;;;
machine;1;non classé;2;exportation;2;représentation opérateur;2;ressource non-renouvelable;3;indépendance;2;indépendance;2;puissance étrangère;2;enjeu;1;calédonien;1;développement alternatif;1;revalorisation de la ressource;1;bien de consommation;1;;;;
non classé;1;structure;2;fer;2;fer;2;coutume;2;secteur nickel;2;description minière;2;milieu;1;balance positive-négative;1;enjeu;1;épuisement de la ressource;1;fiscalité;1;;;;;;
puissance étrangère;1;changement climatique;1;politique;2;politique;2;site minier;2;calédonien;2;nouvelle-calédonie;2;amélioration environnementale;1;famille;1;famille;1;politique;1;travail difficile;1;;;;;;
croissance minière;1;passé;1;maintien de l’exploitation;2;production énergétique;2;indépendance;2;balance positive-négative;2;santé;2;biodiversité;1;nuisance;1;dérive politique;1;production énergétique;1;structure;1;;;;;;
crise;1;vision négative de la ressource;1;métallurgie;2;métallurgie;2;nouvelle-calédonie;2;politique;2;exportation;2;site minier;1;condition de travail;1;épuisement de la ressource;1;commerce;1;;;;;;;;
;;amélioration environnementale;1;avenir;2;machine;2;calédonien;2;sécurité;2;production énergétique;2;indépendance;1;social;1;secteur indispensable;1;maintien de l’exploitation;1;;;;;;;;
;;biodiversité;1;travail difficile;2;fiscalité;2;danger;2;passé;1;ressource non-renouvelable;2;description minière;1;dérive politique;1;politique;1;sécurité;1;;;;;;;;
;;site minier;1;vision négative de la ressource;1;sous-traitance;2;formation;2;milieu;1;machine;2;industrie;1;représentation opérateur;1;production énergétique;1;ressource non-renouvelable;1;;;;;;;;
;;relation france;1;coutume;1;site minier;1;outillage;2;site minier;1;sous-traitance;2;nouvelle-calédonie;1;fer;1;entreprise;1;machine;1;;;;;;;;
;;enjeu;1;biodiversité;1;industrie;1;transition;2;industrie;1;crise;2;développement culturel;1;localité;1;sécurité;1;fiscalité;1;;;;;;;;
;;balance positive-négative;1;site minier;1;secteur nickel;1;politique;2;santé;1;vision négative de la ressource;1;calédonien;1;équipement;1;travail difficile;1;structure;1;;;;;;;;
;;fer;1;indépendance;1;développement culturel;1;entreprise;2;formation;1;coutume;1;santé;1;secteur indispensable;1;puissance étrangère;1;;;;;;;;;;
;;justice sociale;1;relation internationale;1;santé;1;machine;2;social;1;production;1;exportation;1;métallurgie;1;structure;1;;;;;;;;;;
;;commerce;1;calédonien;1;procédé industriel;1;culture pop;2;foncier;1;calédonien;1;nuisance;1;sentiment positif;1;;;;;;;;;;;;
;;entreprise;1;procédé industriel;1;enjeu;1;inégalité;1;dérive politique;1;enjeu;1;outillage;1;fiscalité;1;;;;;;;;;;;;
;;sous-traitance;1;danger;1;nuisance;1;industrie;1;représentation opérateur;1;nuisance;1;social;1;développement durable;1;;;;;;;;;;;;
;;;;formation;1;condition de travail;1;secteur nickel;1;fer;1;outillage;1;foncier;1;innovation;1;;;;;;;;;;;;
;;;;balance positive-négative;1;foncier;1;développement culturel;1;secteur indispensable;1;social;1;dérive politique;1;;;;;;;;;;;;;;
;;;;condition de travail;1;dérive politique;1;santé;1;production énergétique;1;foncier;1;fer;1;;;;;;;;;;;;;;
;;;;dérive politique;1;sentiment négatif;1;balance positive-négative;1;métallurgie;1;dérive politique;1;développement alternatif;1;;;;;;;;;;;;;;
;;;;transition;1;justice sociale;1;famille;1;sous-traitance;1;représentation opérateur;1;localité;1;;;;;;;;;;;;;;
;;;;sentiment négatif;1;fin;1;foncier;1;non classé;1;fer;1;équipement;1;;;;;;;;;;;;;;
;;;;justice sociale;1;équipement;1;fer;1;culture pop;1;revalorisation de la ressource;1;secteur indispensable;1;;;;;;;;;;;;;;
;;;;production énergétique;1;épuisement de la ressource;1;fin;1;développement durable;1;fiscalité;1;sous-traitance;1;;;;;;;;;;;;;;
;;;;entreprise;1;secteur indispensable;1;développement alternatif;1;innovation;1;travail difficile;1;avenir;1;;;;;;;;;;;;;;
;;;;revalorisation de la ressource;1;entreprise;1;secteur indispensable;1;bien de consommation;1;développement durable;1;innovation;1;;;;;;;;;;;;;;
;;;;fiscalité;1;sécurité;1;métallurgie;1;puissance étrangère;1;bien de consommation;1;;;;;;;;;;;;;;;;
;;;;bien de consommation;1;revalorisation de la ressource;1;sous-traitance;1;crise;1;puissance étrangère;1;;;;;;;;;;;;;;;;
;;;;automatisation;1;déclin;1;avenir;1;;;;;;;;;;;;;;;;;;;;
;;;;;;bien de consommation;1;déclin;1;;;;;;;;;;;;;;;;;;;;
;;;;;;croissance minière;1;croissance minière;1;;;;;;;;;;;;;;;;;;;;
;;;;;;;;crise;1;;;;;;;;;;;;;;;;;;;;
