1;pollution;inondation;boom;travail;retombée
2;richesse;malédiction;travail;destruction;histoire;frein;blocage;coutumier
4;travail;pollution;plainte
5;argent;pollution;nickel;production;nature;réparation;mer;inégalité
6;extraction;montagne;pollution;mineur;train;diversité;évolution
7;pollution;nickel;argent;mer;camion
8;centre minier;village;économie;production;travail;environnement;revenu
9;camion;contracteur;caillou;terre rouge;géologie;laboratoire;perle;argent;travail;aide
10;emploi;environnement;pollution;aide;reboisement;porte d’entrée;inondation
11;mine;industrie;terre
12;mine;commune minière;pollution;terre rouge;destruction;camion;nickel;usine;industrialisation;érosion;travail
13;mine;camion;pollution
14;économie;travail;exploitation;international;sln;nouvelle-calédonie;pollution;terre
15;pollution;travail;camion;exploitation;opportunité
16;pollution
17;industrie;mine;richesse;patrimoine;nouvelle-calédonie;ressource
19;économie;destruction;pollution;évolution;civilisation;dépendance;santé
20;argent;pollution;emploi;tradition
21;économie;environnement;pollution;richesse;problème;revendication;financement
22;mine;économie;produit;autonomie;protection;problème;pays;projet
23;argent;économie;revégétalisation
24;argent;danger
25;aide;argent;formation
26;bénéfice;économie;minéralier;main d’oeuvre;enjeu;international
27;travail;pollution;blocage
28;usine du sud;conflit;pollution;projet
29;économie;ressource;développement;pollution;environnement;évolution
30;emploi;revenu;environnement;bien - mal
31;mine;bilan;tribu;argent;environnement;enfant;dépendant
32;argent;économie;condition de vie;richesse;emploi
33;poussière;nature;pollution;paysage;environnement;travail
34;minerai;ressource;richesse;travail;pollution;extraction;démolition;amélioration;développement
35;problème;emploi;conflit;environnement;économie;travail
36;richesse;nouvelle-calédonie;polyvalent;flexible;revenu;travail;éloignement;ressource;dégradation;pollution;reconnaissance
37;développement;tribu;pollution;usine de goro;outil;prix à payer;aide;intégration
38;pollution;argent;foncier;conflit;ressource
39;environnement;pollution;corruption;monopole;hypocrisie;nécessité;famille;conflit;dilemme;retombée
41;camion;poussière;pollution;travail;positif - négatif;environnement
42;produit chimique;camion;pelle;pollution
43;pollution;économie;argent;travail;division;dépendance
44;terre;mine;montagne
46;développement;pollution;emploi;division;tourisme;école
47;travail;environnement;dégât;changement
48;impact;nature;pollution;travail
49;ferraille;prospection;fer;usine de doniambo;terre;fabrication;liens
50;conflit;revenu;nature;pollution;argent
51;mondial;impact;mauvais;conseil tribal;mer;changement;environnement
52;travail;division;développement;environnement
53
54;trésor;nickel
55;propriété;puissance;répartition;fermeture;reconnaissance;poisson;vol;contentieux
56;environnement;pollution;nature;montagne;économie
57;économie;dérangement;inondation;montagne;dégât;détruire;profite;agriculture
58;richesse
59;grand;usine du sud
60;sln;mineur;minerai
61;terre rouge;nickel;four;province nord;usine;badge;epi
62;nickel;camion;chantier;travail;raréfaction;monnaie
63;nickel;camion;minerai
65;pollution;aide
67;minerai;usine;ouvrier;camion;maquis;bateau;reboisement
68;emploi;vital;symbole;pollution
69;nickel;doniambo;vkp;nouvelle-calédonie;cheminée;ancien;échange;santé
70;pioche;nickel;mineur;teneur;usine;employé
71;environnement;carrière;terre rouge;fer;minerai;nickel;usine;camion;mine;mine d’or
72;maquis minier;travail
73;sud;garniérite;roche;économie;sln;faillite;géologie
74;nickel;argent;fer;terre;nature;pollution;montagne;économie
76;travail;engin;terre
77;nature;montagne
81;pollution;richesse;écologie;destruction;montagne;bouleversement
82;nickel;minerai;travail;transformation;recherche;pollution;danger;problème;économie
83;richesse;destruction;travail;écologie;reboisement;négociation;emploi;pollution
84;érosion;déforestation;économie;environnement;épuisable;ouvrier;dépendance;sponsor
85;nickel;usine;goro;ressource;finance;pollution;montagne;déforestation;camion
86;conflit;dégradation;ressource;enjeu;entente;empire
87;nickel;économie
88;destruction;argent;nécessité
89;exploitation;dégradation;extraction;énergie;enjeu;érosion
90;revenu;déforestation;érosion;division;paysage;rejet;épuisement
91;industrie;production;nickel;exploitation;échange;minerai;extraction;vente;interaction;travail;politique;long;danger;impact;enjeu
92;nature;environnement;industrie;matière première;ftn;pollution;dégradation;richesse;travail;enjeu;emploi;commerce;développement;fossile
93;camion;usine;centrale;extraction;engin minier;traitement;sln;prony resources;minéralier;dégât;nickel;convoyeur;transformation;ciel ouvert
94;exploitation;impact;écologie;bénéfice;minerai;gisement;tertiaire;politique;épuisement;transformation;milieu;environnement;défrichement
95;exploitation;minerai;chantier;mineur;nickel;usine;matière première;gisement;métallurgie;sidérurgie;sécurité;paysage;impact
96;impact;environnement;activité minière;explosion;maladie;richesse;ouvrier;manipulation;délicatesse;écologie;risque;destruction;pollution;exploitation;charbon
97;environnement;économie;emploi;paysage;partout;nouvelle-calédonie;conflit;exportation;sln;vale;tapis roulant;minéralier
98;nickel;commerce;port;échange;usine;matière première;minerai;ressource;fer;exportation;impact;sln;emploi
99;terre rouge;nickel;usine;emploi;exportation;extraction;procédé;institution;matière première;rachat;conflit;déforestation;ressource fossile
100;extraction;nickel;industrie;cours;jules garnier;mine;ressource;environnement;colas;transformation
101;paysage;ressource;environnement;économie;exploitation;entreprise;dégradation;épuisement
102;charbon;terre;ouvrier;emploi;métal;montagne;déforestation
103;polluant;poussière;environnement;développement économique;développement d’activités;richesse;convoitise;développement territorial;pouvoir;revendication;lobby;exonération;avantage fiscal
104;sln;kns;goro;garniérite;économie;usine;scorie;hydrométallurgie;industrie;enercal;fumée;emploi;sous-traitant;nickel
105;usine;chantier;minerai;ressource;poussière;chaleur;sale;mineur;important;polluant;pollution;appauvrissement;économie;activité
106;développement;gestion;long-terme;finance;politique;richesse;environnement;sécurité;mondialisation;exaction;avenir;métal rares;multinationale;france
107;nickel;goro;sln;richesse;ressource;importation;transport;environnement;économie
108;noir;danger;mal payé;étroit
109;minerai;exploitation;extraction;nickel
110;montagne;caillou;camion;pollution;richesse;sln
111;extraction;crayon;exploitation;ressource;minerai;danger;déforestation;appauvrissement;camion;biodiversité;pollution;eau salubre;éboulement
112;nouvelle-calédonie;extinction;ouvrier
113;sln;goro;chantier;pétrole
114;caillou;montagne;vert;pétrole
115;minerai;usine;nickel;exportation;importation;emploi;prospection;exploitation;transformation
116;nickel;profondeur;pelle
117;nickel;extraction;usine;minerai;roche;montagne;tractopelle
118;nickel;sln;montagne;camion;creuser;déforestation;maquis minier;économie
119;nickel;économie;ressource épuisable
120;caillou;économie;nickel;difficile;équipe;travail
121;usine;sln;goro;économie;dégât;nickel
122;machine;terre;pollution
123;ressource;camion;ouvrier;travail;nickel;conflit;nature;enjeu
124;minerai;usine;travail;marchandise;pollution;bateau
125;sln;terre rouge;nickel;nord;scorie;camion;eramet;usine nord;enjeu;important
126;sln;goro;yaté;mineur;conflit;vale
127;nickel;sud;richesse;grève;finance
128;grotte;entreprise;arme;or;militaire;nickel;travailleur;transport
129;nickel;employé;pollution;environnement;camion;économie;conflit;exportation
130;nickel;main d’oeuvre;argent;économie;machine;exportation;conflit;terre;pollution;travail
131;nickel;déforestation;développement;pollution;travail
132;nickel;garniérite;richesse;diminution;instable;inox;déforestation
133;caillou;territoire;pierre;latérite;garniérite;travail;chantier;bloc;investigation;bénéfice;travailleur;exploitation;exportation;conflit
134;nickel;richesse;exportation;travail;creuser;vendre;échange;exploitation;minerai;compliquer;avantage;caillou;camion;nord;usine
135;exportation;richesse;exploitation;minerai;roulement;éboulement;risque
136;économie;pollution
137;minerai;ressource;travail;international;économie;tension
138;carrière;exploitation;nickel;travail;sln;fraude
139;nickel;travail;indépendance;conflit;exploitation;danger;pays exploité
140;montagne;serpentine;terre;tristesse;travail;poussière;traitement;sln
141;carrière;nickel;charbon;exploitation;ressource;tunnel;mineur;métal;transformation;environnement;bruyant;milieu dur
142;travail;ouvrier;économie;dangereux;matériau;revenu;avancement;sécurité;pollution;conséquence
143;pollution;saleté;environnement;fumée;souterrain;accident;travail;employé
144;or;diamant;argent
145;argent;conflit;goro;indépendance;pollution;travail
146;terre;montagne;camion;pollution;développement;économie;nickel
147;nickel;argent;travail;nature;développement;richesse;nouvelle-calédonie;paysage;peuple;pollution;faune;flore;minéralier;endémique;travailleur
148;pib;emploi;économie;environnement
149;rouge;terre;caillou;pierre;nature;camion;pelle;roue;père;gilet fluo;chaussure de sécurité;sln;usine;vale;kns
150;camion;minerai;changement;sln;géologie;bateau
151;ouvrier;travailleur;esclave;danger;risque;poussière
152;nickel;richesse;ressource
153;charbon;nickel;carrière;pelle;terre rouge;chantier;minerai;pollution;montagne;goro
154;nickel;sln;métallurgie;doniambo;vale;smsp;investissement;revendication;non-renouvelable;richesse;exportation
155;sln;montagne;économie;déforestation;érosion
156;montagne;minerai;nickel;environnement;convoyeur;sécurité;économie
157;employé;organisation;danger;horaire
158;travail;crayon;précieux;matériau;pioche;minecraft;grotte;wagonnet;obscure;casque;caillou
159;exploitation;nickel;compagnie;ressource;emploi;métier;traitement;vendre;exportation
160;nickel;nouvelle-calédonie;extraction;entreprise;enjeu;argent;géopolitique;stratégique;emploi qualifié;emploi non-qualifié
161;camion;minerai;destruction;argent;engin;nickel;emploi;montagne
162;maquis minier;fer rubané;nickel;mine;gimli;goro;acide;scorie;terre rouge;sln
163;minerai;ressource;matière première;nickel;or;charbon;mineur;effet de serre;travail
164;usine;minerai;charbon;pollution;industrie;ouvrier;énergie
165;nickel;goro;forage;ressource économique;conflit;déforestation;emploi
166;exploitation;ressource;économie;pillage;babylone
167;richesse;ressource;usine;marché
168;exploitation;prospection;valorisation
169;nickel;sln;camion;pollution;développement;extraction;environnement;environnement;exportation
170;revenu;problème;conflit;travail;richesse;argent;pollution
171;minerai;changement;nature;nickel;déforestation;caillou;métier
172;nickel;ressource;pollution;dégradation;environnement;politique
173;économie;environnement;politique;exportation;nickel;usine
174;exploitation;richesse;impact;économie;expérience scientifique;conflit;débat;travail
175;nickel;sln;smsp;pouvoir;argent;richesse;coutume;politique;colonisation;montagne;ancêtre;valeur;envié;stratégie;garnier
176;nickel;emploi;vkp;économie;environnement;sln;richesse;enjeu
177;érosion;pollution;déforestation;économie;travail;conflit;richesse;sécheresse;destruction;éboulement;dynamite;déformation;écosystème
178;emploi;érosion;avenir;endettement;nickel;ressource;pollution;questionnement
179;ressource;nickel;économie;local;exportation;commerce;analyse;minerai
180;caillou;nickel;grotte;argent;exportation;source
181;caillou;environnement;nickel;feu;traitement;extraction;convertissement;industrie;usine;ouvrier;exploitation
182;environnement;politique;géologie;économie;métier;sécurité civile
183;développement;économie;environnement;emploi;épuisable;nickel
184;économie;environnement;relation internationale;recherche;travail
185;vale;kns;sln
186;richesse;pollution;développement;industrie;conflit
187;nickel;métal;sln;doniambo;vale;emploi;goro;ressource naturelle;boom;charbon
188;ressource;travailleur;pierre;exploitation
189;minerai;sln;nickel;économie;pouvoir;conflit;destruction;ouverture
190;nickel;sln;terre;extraction;ouvrier;entreprise
191;richesse;ressource;exploitation
192;richesse;économie;terre;environnement;nickel;développement durable;nature
193;ressource;matière première;engin;importation;salarié;bateau;tapis roulant;serpentine;terre rouge;scorie;conséquence
194;fer;camion;montagne;ressource;pile;pollution;sln;scorie
195;argent;développement;richesse;conflit
196;revenu;économie;impact;grève;vol;appartenance
197;ouvrier;roche;or;trésor souterrain;recherche
198;pioche;terre;ombre;travail;chaleur;casque;lampe;lunette;tenue de travail
199;chantier;machine;ressource naturelle;usine;marché;commerce;flux;argent;technologie;exportation;terre;développement
200;roche;tunnel;machine;ouvrier;sombre;minerai;emploi;ressource
201;nature;emploi;richesse;usine;latérite;garniérite;développement;pollution;économie;terre rouge
202;terre;richesse;nickel;travail;danger;recherche
203;emploi;économie;environnement
204;nickel;sln;goro;tiébaghi;népoui;thio;ressource;minerai
205;camion;minerai;nickel;ressource;paysage
206;poumon;famille;ressource
207;terre;privé;argent;consommation;sacré;indispensable;richesse;exploitation;valeur
208;terre;pollution;usine;climat;main d’oeuvre;travail;dangereux;destruction
209;or;outil;sombre;noir;bruit;argent;économie;différence;dur;épuisant
210;camion;nickel;montagne;machine;employé;casque;gilet
211;conflit;amélioration;nickel;emploi;sln;corée;province nord;province sud;terre rouge
212;travail;nickel;destruction;engin;fer;goro;houaïlou;extraction;conflit
213;schéma minier;usine du sud;smsp;ballande;nmc;eramet;or vert;offshore;exploitation;dividende;investissement;emploi;ruamm
214;nickel;terre rouge;nature;sln;nmc;emploi;corée;conflit
215;terre rouge;engin;montagne;nickel;acheminement;produit fini;casque
216;goro;pollution;extraction;usine;vale;minerai;camion;nickel;montagne;conflit
217;goro;nickel;sln;scorie;développement;industrie;politique;argent;travail;environnement;terre rouge;enjeu
218;matière première;emploi;investissement;économie fictive;conflit;richesse;malédiction;scorie;caillou;pollution;environnement
219;camion;érosion;nature;ressource;matière;déforestation;rocher
220;pollution;destruction;nickel;richesse;usine du sud;conflit;emploi;environnement
221;roche;nickel;exploitation
222;travail;pollution;exploitation
223;rocher;nickel;goro;terre;ouvrier;nouvelle-calédonie
224;nickel;emploi;ressource;usine;futur;disparition;déforestation;paysage;pollution
225;exploitation;infrastructure;environnement;emploi;espèce en voie de disparition;salaire
226;terre rouge;engin;ressource
227;travail;richesse;exploitation;ressource;terre
228;travail;nord;rouge;terre;nickel;entreprise;pollution
229;nickel;terre rouge;doniambo;goro;poro;côte ouest;cobalt;fer;carrière;problème écologique;économie;grève;syndicat
230;exploitation;environnement;déforestation;caillou;terre rouge;granite;nickel;richesse;économie;industrie;mineur;sln;goro;poro;vavouto
231;nickel;inox;garniérite;vale;doniambo;camion;terre rouge;koniambo;pib;destruction;développement;enercal
232;argent;engin;rouge;arbre;arbuste;eau;ponctualité;lieu;quantité;sol;famille;emploi;santé;avenir;respect
233;nickel;terre rouge;emploi;pollution;destruction;surexploitation;magouille;fausse dépendance;politisé;intérêt commun;conflit;apport;biodiversité;économie
234;exploitation;richesse;terre;économie;environnement;dégradation;mise en valeur;économie;emploi;conflit;rentabilité
235;exploitation;environnement;aménagement;usine;traitement;exportation;camion;économie;développement;impact;destruction;pollution;emploi;conflit;politique
236;ouvrier;salaire;ressource;destruction
237;richesse;emploi;terre;nickel;pollution;destruction
238;or;nickel;richesse;terre;souterrain;exploitation;commerce international;ressource naturelle
239;destruction;richesse;déforestation;pollution;glissement de terrain;travailleur;usine;machine;camionneur
240;pollution;destruction;désastre;catastrophe;économie;emploi;réchauffement climatique;feu;disparition
241;travail;revenu;pôle attractif;conflit;pollution;économie
242;usine;travailleur;richesse;croissance;décroissance;relation;impact;danger;secteur;hiérarchie;dégradation
243;ressource;exploitation;camion;boue;problème;économie;ftn;terre coutumière;montagne
244;économie;valeur culturelle;politique;désaccord
245;exploitation;destruction;pollution;espèce endémique;économie;emploi;non viable;conflit
246;montagne;économie;travail;naturel;terre rouge;vert;nickel;pollution
247;destruction;boue;pollution;économie;richesse
248;pollution;richesse;minerai;doniambo;yaté;camion;exportation;travail;métal
249;travail;économie;industrie;métallurgie;yaté;véhicule minier;conflit;nickel;sln;emploi;souterrain
250;boom;nickel;argent;conflit
251;nickel;usine;minerai;dette;profit;pollution
252;nickel;revenu;paysage;syndicat;convoitise;pollution;challenge écologique
253;crayon;paysage;surexploitation;pollution;travail;mafia;multinationale
254;nickel;pollution;modernisation;capitalisation;expansion;destruction;exportation;population;influence;ville;maladie;délocalisation;racine;politique;nature
255;prospection;environnement;futur;montagne;verdure;reboisement;usine;nickel;pollution
256;économie;emploi;lithium;écologie;pollution
257;montagne;destruction;nature;engin;ruisseau;plante endémique;maquis minier;minerai;argent;extraction;échange;bourse
258;atelier;exploitation;géologie;intérimaire;évolution;nickel;sln;promesse d’embauche;forêt sèche;grève;gisement;usine;métallurgie;engin;destruction
259;économie;emploi;ressource épuisable;conflit;désaccord;éboulement;accident;pistonnage;horaire;promesse;abus;désabusé;destruction
260;nickel;montagne;machine;usine;dynamite;camion
261;environnement;écosystème;pollution;économie;emploi
262;richesse;emploi;pollution;dégradation;conflit;identité;rééquilibrage;épuisable
263;exploitation;destruction;minerai;montagne;terre;travail;pollution
264;minerai;nickel;ressource limitée;pollution;énergie fossile;usine;four;électricité
265;économie;développement;environnement;emploi;engin;reboisement;centrale à charbon;centrale hydraulique;pollution;croissance;érosion;ruissellement;récif;nickel;endémisme
266;économie;revenu;emploi;ressource;pollution;reboisement;pillage
267;nickel;montagne;mineur;sln
268;camion;emploi;casque;pollution;corail;usine;destruction;bateau
269;camion;engin;eau;minerai;mineur;cuivre;usine;charbon;exploitation;géologue;casque
270;impact;érosion;engravement;lagon;matière;dégradation;santé;ressource;développement durable;croissance;eau;air;économie positive;emploi;condition de vie
271;caillou;machine;montagne;métal;minerai;ressource
272;terre rouge;enfant;montagne;déforestation;mort;pierre;nickel;diamant;surexploitation;travail
273;minerai;nickel;or;exploitation
274;caillou;travail forcé;poussière;maladie;7 nains;nickel;pollution;accident;creuser;trou;échantillon;terre rouge;eau;paysage;impact
275;paysage;production;économie;usine;minerai;exploitation;exportation;engin;environnement;pollution;terre;roche;montagne;pioche;mineur
276;montagne;rocher;caillou;rouge;recherche;découverte
277;minéral;terre;ressource;exploitation;mineur;alchimie;mort;les évènements;travail
278;nickel;mineur;caillou;terre;montagne;polluant;valeur économique
279;jade;minerai;nickel;terre exploitée;changement;projet lucy;vale;économie;usine;résidu;barrage;terre;riche;reboisement;environnement
280;terre rouge;industrie;machine;économie;pollution;minerai;mineur;vale;ftn;yaté;exploitation
281;nickel;caillou;roche;territoire;exploitation;transformation
282;érosion;déforestation;pollution;argent;paysage;poussière;emploi
283;nickel;or;camion;fer;terre
284;usine;nickel;camion
285;commerce;industrie;dévastateur;pollueur;grand;exportation;charbon;chine;porte-conteneur;mondialisation
286;camion;chargement;terre;chauffeur;bateau
287;destruction;environnement;travail
288;pollution;danger environnemental;emploi;projet lucy;incompétence;accident;conflit;manque de matériau;bombe;responsabilité;inconscience
289;nickel;pyrométallurgie;hydrométallurgie;production;profit;nature;économie;érosion;toxicité;maladie;chaleur;pollution;emploi;conflit;dispensable
290;minerai;travail;thio;népoui;terre rouge;camion;pollution;épuisement;destruction;produit chimique
291;nickel;argent;commerce;batterie;pièce de monnaie;flnks;uc;uni;privilège;chinois;économie
292;nickel;dévégétalisation;érosion;pollution;économie;emploi;environnement;gestion;explosion;maladie;épuisement
293;écologie;sln;capitalisme;économie;richesse;impact;érosion;environnement;emploi;nickel;avenir;épuisement;dévégétalisation
294;ressource;enjeu économique;propriété;nickel
295;nickel;argent;emploi;économie;camion;pollution;projet;sol;environnement
296;pollution;déforestation;économie;problème;kns
297;nickel;transformation;travail;économie;environnement
298;nickel;pollution;emploi;goro
299;économie;emploi;montagne;problème foncier;richesse;vavouto;sln;engin;usine;nickel
300;nickel;économie;environnement;pollution;destruction;machine;dépense;production;rentabilité;gestion;minerai;énergie fossile;érosion;paysage;manque de réflexion
301;nickel;chrome;pollution;déboisement;déchet;destruction;boue;économie;emploi;maladie;productivité;rentabilité;gestion
302;nickel;pollution;emploi;productivité;économie;environnement;épuisement;fioul;gestion;explosion;maladie;minerai;érosion;biodiversité;rentabilité
303;minerai;nord;sln;nickel;environnement;camion;pollution;économie;érosion;emploi;projet lucy;épuisement
304;nickel;scorie;camion;soufre;four;usine;économie;pollution;travail;épuisement;érosion;énergie;projet lucy
305;nickel;pollution;économie;productivité;emploi;maladie;fonctionnement;centrale;usine;explosion;victime;environnement;destruction;choix;gestion
306;destruction;géologie;nickel;travail;environnement;métier;paysage
307;vale;montagne;déforestation;travail;pollution
308;nickel;camion;carrière;travailleur;mesure de sécurité;caillou;vale
309;nickel;travail;camion;terre
310;pollution;argent;emploi;écologie;yaté;sln;nickel;doniambo;tiébaghi;eramet
311;richesse;terre;montagne;rivière;caillou;usine;métallurgie;conflit;terrain;compromis
312;minerai;exploitation;destruction;prélèvement;nickel;métal;pollution;rivière rouge;dégât;fortune;inégalité
313;travail;richesse;destruction;environnement
314;montagne;nickel;camion;déforestation;tiébaghi;tapis;usine
315;caillou;exploitation;camion;pollution;exportation;environnement;sln;terre;nickel
316;caillou;or;diamant;nickel;argent;richesse;camion;exportation
317;terre;travail;pollution;destruction;population;environnement;ressource;avenir;conflit;argent
318;minerai;or;argent;bronze;sln;roche;caverne;charbon;ouvrier;engin d’extraction;nickel;déforestation;pollution;transport
319;déforestation;bénéfique;emploi;pollution;conflit;débat
320;pioche;roche;minerai;grotte;nickel;tunnel;caillou
321;nickel;serpentine;érosion;pollution;sln;vkp;kouaoua;thio;usine;camion;engin;montagne;minerai
322;usine;caillou;camion;terre;yaté;pollution;destruction;forêt;minerai;espèce;argent
323;usine;minerai;caillou;nickel;importation;exportation;économie;environnement;destruction
324;emploi;économie;industrie;dégradation;nickel;pollution;exploitation;exportation;diplomatie
325;minerai;pollution;nickel;sln;changement;minéralier;camion;terre;économie;vavouto;fourneau;politique;exploitation;emploi
326;économie;exploitation;pollution;politique;tension;emploi
327;nickel;emploi;pollution;argent;développement
328;emploi;projet;industrie;dégradation;déchet
329;travail;industrialisation;gueule noire;explosif;guerre;arme;charbon;condition de travail;hygiène;rémunération;esclavagisme
330;exploitation;destruction;ressource;argent;emploi
331;instabilité;infrastructure;environnement;terre;pouvoir;ressource
332;exploitation;territoire;pollution;environnement
333;terre;environnement;matériel;exportation;bateau
334;richesse;économie;terre exploitée;important;tension;travail;politique;politique extérieure;argent;déforestation;pollution;infrastructure;développement;chômage
335;minerai;exploitation;usine;pollution;développement;avancé;opportunité;argent;montagne;caillou;travail;richesse;non durable;métal
336;caillou;camion;richesse;terre;ouaco;nickel;bateau;environnement;travail;déforestation;sécheresse;vavouto;métal;doniambo;exportation
337;nickel;montagne;pollution;richesse;usine;métallurgie;développement;tourisme
338;végétal;terre coutumière;nickel;dépendance;richesse;fer
339;environnement;impact;richesse;épuisable;classe sociale;cher;camion;articuler
340;terre rouge;nickel;minerai;or;argent;bronze;fabrication;scorie
341;nickel;charbon;camion;caillou;or;aluminium;terre;économie
342;nickel;économie;france;ican;barrage;environnement;développement durable;emploi
343;nickel;montagne;cristal;richesse;pays;évolution;fer;terre;réchauffement;charbon;infrastructure;position géographique;avenir;pollution
344;nickel;sln;terre;montagne;camion;bénéfice;déforestation;cheminée
345;exploitation;matériel;société;transport;conflit;accident;salaire
346;terre;dur;uniforme;sécurité;condition;ressource;destruction
347;environnement;pollution;richesse;emploi
348;camion;ressource;nickel;usine;chaudière
349;camion;usine;nickel;économie;pollution;machine;emploi
350;nickel;camion;ressource non-renouvelable;économie;sécurité
351;roche;vert;sln;creuser;travail;pioche;camion;explorer;ressource;commerce;nature;lourd;ouvrier
352;camion;explosif;reboisement;traitement chimique;latérite;ciel ouvert;éboulement
353;chine;politique;dépendance;économie;emploi;spécialisé;crise;nickel;environnement;endémique;végétal;montagne;terre coutumière
354;usine;charbon;pétrole;machine;vapeur;camion;terre;cheminée;exploitation;minerai;gaz;métal
355;nickel;rapporté;emploi;pollution;destruction;impact
356;nickel;argent;sale;tenue;camion;garçon;fille;permis;pollution;environnement;obèse;poussière;eau;arbre
357;nickel;argent;tenue;engin;garçon;fille;effort;connaissance;terrain;rouge;exploitation;feu;voiture;arbre;destruction
358;rapport;rouge;argent;sale;pollution;destruction;terrain;emploi
359;environnement;ressource;faune;travail;économie;pollution;sous-traitant;énergie
360;nickel;vavouto;tiébaghi;minerai;argent;emploi;usine
361;richesse;primaire;environnement;usine;exportation;importation;appauvrissement
362;ressource;exploitation;conflit;terre;trafigura
363;usine;pollution;exploitation;dégradation;richesse;nickel;pas durable
364;latérite;garniérite;environnement;extraction;nickel;échelle
365;économie;emploi;nickel;pollution;instabilité du sol;éboulement;exportation;concurrent;production;minerai;réserve minière;boom;sln;paysage;restauration
366;nickel;roche verte;exploitation;impact;pollution;perturbation;conséquence
367;goro;nickel;vente;tension;ressource;chaos;violence;progrès;industrie durable;incompréhension;ressource mondiale;faillite;emploi
368;pollution;environnement;industrie;travail;gestion;développement;destruction
369;argent;emploi;sale;rouge;tôt;camion;environnement;famille;terrain;arbre
370;prospérité;argent;emploi;engin;partiel;destruction;rouge;sale
371;nickel;projet;argent;emploi;sécurité;terrain;arbre;pollution;travail;repos;nuit;montagne;rouge;route;bénéfice
372;nickel;travail;terre;rouge;montagne;centre;projet
373;rouge;arbre;sale;engin;nuit;matériel;permis;diplôme;responsabilité;jeune;garçon;fille;argent;montagne;route
374;nickel;rouge;sale;argent;engin;camion;permis;force
375;économie;nickel;jules garnier;granite;gisement;charbon;pollution
376;richesse;partage;profit;développement;environnement;pollution
377;économie;impact;conflit
378;emploi;pollution;conflit;ressource;épuisement;production;usine;outil;extraction;commerce;matière première;développement;usure;environnement;construction
379;prony resources;vkp;garniérite;latérite;massif minier;dang;minéralier;coutumier;cobalt;tesla;barrage;tombereau;rééquilibrage;smsp
380;économie;pierre;outil;ressource;exploitation;déforestation;camion;rivière rouge;dette;conflit
381;économie;pollution;industrie;travail;éducation;gestion
382;travail;richesse;passé
383;sln;nickel;environnement;économie;travail;pays;pollution;réchauffement climatique
384;environnement;vale;emploi;ressource économique
385;activité économique;emploi;fiscalité;pollution;déforestation;érosion;scorie;produit chimique;poussière;reboisement;pépinière;formation;aide;multinationale
386;usine;travail;économie;environnement;exploitation;extraction
387;pollution;emploi;économie;politique;développement
388;fumée;pollution;production;électricité;mécanique;maintenance;sln
389;tombereau;tri-tout;bulldozer;forage;roue-pelle;nickel;déforestation;extraction
390;nickel;emploi;environnement;argent;sale;camion;homme;femme;permis;investir;sauvegarder;planter
391;richesse;économie;emploi;pollution;ressource;environnement;échec;production;valeur;qualité;long-terme;projet;avenir;crise
392;nickel;extraction;camion;déforestation;environnement;danger;goro;montagne;travail;main d’oeuvre
393;travail;emploi;nourriture;camion;métal;assiette;voiture;arbre;arbuste;eau;montagne;route;hauteur;nickel;fer
394;nickel;sale;argent;environnement;engin;matériel;montagne;terrasse
395;caillou;rocher;travail;exploitation;déforestation
396;nickel;emploi;finance;pollution;bateau;transport;indépendance
397;économie;usine;environnement;travail
398;environnement;terrain;projet;choix;lieu;destruction;machine;terrassement;engin;construction;matériel;usine;directeur;infrastructure;bâtiment
399;nickel;pollution;dimenc;minerai;stérile;altérite
400;exploitation;souterrain;poussière;effondrement
401;emploi;richesse;stabilité;matériel;propriété
402;industrie;pollution;déforestation;emploi;nickel;reforestation;chimie;fumée;gigantisme;sécurité
403;caillou;industrie;sln;fumée;rouge;vert;destruction;richesse;emploi
404;nickel;industrie;économie;environnement;pollution;sln;fumée;jules garnier
405;déficit;revenu;nickel;économie;pollution;destruction
406;environnement;terre;rivière;mer;biodiversité;richesse;économie;conflit
407;argent;nickel;travail;chantier;importation
408;nickel;travail dur;impact;économie;emploi
409;argent;emploi;pollution;conflit
410;kanak;blocage;argent;déforestation;emploi;pollution;dette
411;sale;emploi;pollution;rejet
412;nickel;mineur;prony;terre rouge;calamine
413;camion;caillou;sud
414;pioche;nickel;pollution;emploi;métier;production
