mot 1;nb 1;mot 2;nb 2;mot 3;nb 3;mot 4;nb 4;mot 5;nb 5;mot 6;nb 6;mot 7;nb 7;mot 8;nb 8;mot 9;nb 9;mot 10;nb 10;mot 11;nb 11;mot 12;nb 12;mot 13;nb 13;mot 14;nb 14;mot 15;nb 15
nickel;134;nickel;66;nickel;55;dégradation environnementale;40;dégradation environnementale;32;dégradation environnementale;35;dégradation environnementale;30;politique;22;travail;20;dégradation environnementale;15;dégradation environnementale;9;dégradation environnementale;11;dégradation environnementale;10;dégradation environnementale;6;dégradation environnementale;4
économie;37;dégradation environnementale;53;dégradation environnementale;46;travail;40;travail;30;nickel;31;secteur nickel;22;dégradation environnementale;17;dégradation environnementale;17;travail;13;pollution;8;secteur nickel;8;pollution;6;politique;6;politique;3
dégradation environnementale;33;travail;43;travail;37;économie;36;nickel;30;travail;23;travail;18;ressource minière;14;secteur nickel;12;politique;11;travail;8;politique;6;travail;6;secteur nickel;6;secteur nickel;3
travail;32;économie;39;pollution;35;pollution;29;politique;28;secteur nickel;23;nickel;17;industrie;14;industrie;12;pollution;9;politique;8;nickel;5;économie;4;nature;4;foncier;3
exploitation minière;28;pollution;31;économie;29;nickel;28;secteur nickel;24;matériel;23;politique;17;secteur nickel;13;économie;9;secteur nickel;9;nature;6;pollution;4;secteur nickel;4;travail;3;nouvelle-calédonie;2
industrie;26;industrie;28;matériel;26;industrie;25;économie;22;pollution;20;industrie;16;économie;12;pollution;8;nature;7;économie;5;travail;4;nature;4;nickel;3;travail;2
nature;23;secteur nickel;23;industrie;26;nature;24;pollution;20;échange commercial;17;pollution;15;pollution;10;politique;8;économie;6;nickel;5;industrie;4;industrie;4;économie;2;économie;2
matériel;21;matériel;22;exploitation minière;23;politique;22;nature;20;politique;16;matériel;15;travail;10;ressource minière;7;nickel;6;exploitation minière;5;économie;3;société néo-calédonienne;3;ressource minière;2;nature;2
pollution;20;exploitation minière;19;nature;21;exploitation minière;22;ressource minière;17;industrie;15;économie;13;nickel;10;nickel;6;industrie;6;matériel;5;ressource minière;3;alternative au développement;3;matériel;2;ressource minière;1
secteur nickel;15;nature;17;ressource minière;20;ressource minière;20;matériel;16;exploitation minière;14;ressource minière;13;exploitation minière;10;exploitation minière;6;exploitation minière;5;ressource minière;4;nature;3;échange commercial;3;industrie;2;amélioration environnementale;1
ressource minière;10;ressource minière;16;secteur nickel;17;secteur nickel;19;industrie;15;économie;12;nature;11;matériel;9;échange commercial;6;échange commercial;5;société néo-calédonienne;4;société néo-calédonienne;3;avenir sans nickel;3;pollution;1;société néo-calédonienne;1
politique;5;nouvelle-calédonie;12;politique;13;matériel;13;échange commercial;14;ressource minière;12;échange commercial;11;nature;8;nature;5;matériel;4;alternative au développement;3;alternative au développement;3;nickel;2;nouvelle-calédonie;1;exploitation minière;1
nouvelle-calédonie;4;politique;9;foncier;9;nouvelle-calédonie;9;exploitation minière;11;nouvelle-calédonie;8;relation politique;9;société néo-calédonienne;7;société néo-calédonienne;5;relation politique;4;foncier;3;foncier;3;ressource minière;2;amélioration environnementale;1;industrie;1
alternative au développement;4;foncier;8;nouvelle-calédonie;8;échange commercial;7;alternative au développement;11;risque;8;société néo-calédonienne;8;échange commercial;7;matériel;4;société néo-calédonienne;3;industrie;3;amélioration environnementale;2;relation politique;2;exploitation minière;1;échange commercial;1
foncier;3;alternative au développement;4;échange commercial;6;alternative au développement;6;foncier;10;société néo-calédonienne;7;alternative au développement;6;nouvelle-calédonie;6;foncier;4;foncier;3;nouvelle-calédonie;2;matériel;2;nouvelle-calédonie;1;foncier;1;avenir sans nickel;1
relation politique;3;société néo-calédonienne;3;alternative au développement;5;foncier;5;nouvelle-calédonie;9;relation politique;7;nouvelle-calédonie;5;relation politique;5;alternative au développement;3;amélioration environnementale;2;secteur nickel;2;échange commercial;2;exploitation minière;1;relation politique;1;;
échange commercial;2;risque;2;amélioration environnementale;4;relation politique;5;risque;5;amélioration environnementale;5;exploitation minière;5;risque;5;nouvelle-calédonie;2;avenir avec nickel;2;risque;2;nouvelle-calédonie;1;matériel;1;échange commercial;1;;
amélioration environnementale;1;échange commercial;2;société néo-calédonienne;4;risque;4;société néo-calédonienne;4;alternative au développement;5;foncier;4;alternative au développement;4;relation politique;2;nouvelle-calédonie;1;avenir sans nickel;2;exploitation minière;1;foncier;1;avenir sans nickel;1;;
avenir avec nickel;1;non classé;2;relation politique;3;amélioration environnementale;3;amélioration environnementale;3;foncier;5;risque;4;foncier;3;essor technologique;1;ressource minière;1;amélioration environnementale;1;risque;1;risque;1;;;;
non classé;1;amélioration environnementale;1;avenir sans nickel;2;société néo-calédonienne;3;relation politique;3;nature;4;amélioration environnementale;2;amélioration environnementale;1;;;risque;1;relation politique;1;avenir avec nickel;1;;;;;;
;;relation politique;1;avenir avec nickel;2;avenir sans nickel;2;avenir sans nickel;3;non classé;2;;;avenir sans nickel;1;;;;;échange commercial;1;;;;;;;;
;;;;risque;1;avenir avec nickel;1;non classé;2;essor technologique;1;;;essor technologique;1;;;;;avenir avec nickel;1;;;;;;;;
;;;;essor technologique;1;;;avenir avec nickel;1;;;;;;;;;;;;;;;;;;;;
