mot 1;nb 1;mot 2;nb 2;mot 3;nb 3;mot 4;nb 4;mot 5;nb 5;mot 6;nb 6;mot 7;nb 7;mot 8;nb 8;mot 9;nb 9;mot 10;nb 10;mot 11;nb 11;mot 12;nb 12;mot 13;nb 13;mot 14;nb 14;mot 15;nb 15
nickel;82;nickel;28;pollution;28;pollution;25;pollution;14;pollution;13;pollution;11;économie;8;travail;9;pollution;4;pollution;3;montagne;3;emploi;4;nickel;3;destruction;2
économie;21;pollution;25;nickel;22;économie;22;nickel;11;camion;12;camion;7;environnement;7;pollution;6;travail;3;exploitation;3;emploi;3;pollution;2;conflit;3;nature;1
pollution;17;emploi;22;environnement;15;travail;18;environnement;11;nickel;10;emploi;7;pollution;6;économie;5;environnement;3;travail;2;sln;3;destruction;2;paysage;3;mineur;1
travail;17;économie;20;emploi;15;environnement;12;économie;9;travail;9;usine;7;terre;5;usine;5;conflit;3;nickel;2;pollution;2;érosion;2;emploi;2;environnement;1
exploitation;17;environnement;14;camion;14;ressource;11;travail;8;richesse;8;destruction;6;conflit;5;montagne;4;maladie;3;économie;2;environnement;2;développement;2;arbre;2;usine;1
minerai;17;richesse;13;économie;13;emploi;10;emploi;8;emploi;8;nickel;6;argent;4;emploi;4;nickel;2;terre;2;usine;2;avenir;2;pollution;1;bénéfice;1
richesse;15;argent;11;travail;11;terre;10;richesse;7;destruction;7;économie;6;nickel;4;destruction;3;emploi;2;érosion;2;développement;2;eau;2;montagne;1;enjeu;1
camion;15;ressource;11;richesse;11;nickel;9;conflit;7;environnement;7;sln;6;ressource;4;environnement;3;minerai;2;conflit;2;déforestation;2;argent;1;économie;1;condition de vie;1
environnement;12;montagne;10;argent;11;usine;9;développement;7;usine;7;déforestation;6;exportation;4;terre rouge;3;transformation;2;maladie;2;épuisement;2;montagne;1;environnement;1;impact;1
caillou;12;sln;10;terre;10;argent;8;sln;6;extraction;5;environnement;5;scorie;4;exploitation;3;déforestation;2;avenir;2;boom;1;camion;1;reboisement;1;fer;1
argent;11;travail;9;montagne;9;exploitation;7;argent;5;ressource;5;conflit;5;richesse;3;terrain;3;commerce;2;barrage;2;richesse;1;économie;1;exploitation;1;politique;1
usine;10;camion;9;exploitation;9;conflit;7;camion;5;conflit;5;exportation;4;exploitation;3;argent;2;explosion;2;destruction;1;destruction;1;aide;1;impact;1;charbon;1
emploi;9;exploitation;9;ressource;8;richesse;6;exploitation;5;économie;4;richesse;3;minerai;3;camion;2;charbon;2;argent;1;caillou;1;usine;1;doniambo;1;exportation;1
terre;8;minerai;9;minerai;8;montagne;5;ressource;5;sln;4;montagne;3;travail;2;sln;2;exportation;2;nature;1;terre rouge;1;exploitation;1;pioche;1;kns;1
montagne;7;destruction;8;industrie;7;minerai;5;minerai;5;minerai;4;mineur;3;coutumier;2;conflit;2;croissance;2;inégalité;1;terre;1;sln;1;engin;1;gestion;1
terre rouge;7;usine;8;sln;7;dégradation;5;exportation;5;bateau;4;ressource;3;production;2;développement;2;retombée;1;montagne;1;exploitation;1;santé;1;politique;1;travailleur;1
sln;7;terre;7;nature;6;engin;5;destruction;4;déforestation;4;nature;2;extraction;2;minerai;2;richesse;1;mineur;1;projet;1;danger;1;fossile;1;garnier;1
ressource;7;revenu;6;goro;6;déforestation;5;terre rouge;4;exportation;4;terre;2;montagne;2;transformation;2;destruction;1;environnement;1;formation;1;minéralier;1;ciel ouvert;1;vavouto;1
destruction;5;industrie;5;caillou;5;destruction;4;terre;4;argent;3;santé;2;emploi;2;exportation;2;argent;1;caillou;1;minéralier;1;minerai;1;vale;1;respect;1
mine;5;engin;5;usine;5;sln;4;usine;4;reboisement;3;projet;2;enjeu;2;valeur;2;extraction;1;terre rouge;1;enjeu;1;impact;1;métal;1;rentabilité;1
développement;4;déforestation;5;conflit;5;production;3;engin;4;nouvelle-calédonie;3;développement;2;paysage;2;boom;1;montagne;1;emploi;1;poussière;1;ouvrier;1;activité;1;endémisme;1
pioche;4;caillou;4;déforestation;5;extraction;3;yaté;4;danger;3;minerai;2;cheminée;2;nickel;1;camion;1;développement;1;paysage;1;transformation;1;avenir;1;dispensable;1
nature;3;terre rouge;4;destruction;4;mineur;3;nature;3;poussière;3;dégradation;2;engin;2;production;1;caillou;1;minerai;1;minerai;1;goro;1;multinationale;1;manque de réflexion;1
extraction;3;impact;4;extraction;4;camion;3;montagne;3;entreprise;3;échange;2;épuisement;2;extraction;1;terre rouge;1;dégradation;1;roche;1;défrichement;1;france;1;restauration;1
revenu;3;goro;4;développement;4;terre rouge;3;enjeu;3;éboulement;3;maquis minier;2;politique;2;caillou;1;aide;1;reconnaissance;1;faillite;1;métallurgie;1;transport;1;route;1
industrie;3;mineur;3;ouvrier;4;doniambo;3;paysage;3;accident;3;goro;2;sécurité;2;mine;1;reboisement;1;famille;1;énergie;1;exportation;1;biodiversité;1;construction;1
érosion;3;érosion;3;sale;4;écologie;3;bateau;3;production;2;épuisement;2;charbon;2;industrie;1;industrie;1;impact;1;politique;1;ressource fossile;1;nord;1;bâtiment;1
conflit;3;garniérite;3;érosion;3;exportation;3;recherche;3;montagne;2;politique;2;ressource naturelle;2;industrialisation;1;érosion;1;échange;1;long;1;métal;1;endémique;1;;
impact;3;or;3;impact;3;rouge;3;déforestation;3;évolution;2;traitement;2;rivière rouge;2;érosion;1;sln;1;engin;1;commerce;1;avantage fiscal;1;smsp;1;;
ouvrier;3;travailleur;3;chantier;3;mer;2;vale;3;caillou;2;charbon;2;destruction;1;ressource;1;revendication;1;épuisement;1;convoyeur;1;sous-traitant;1;stratégie;1;;
roche;3;production;2;machine;3;caillou;2;importation;3;érosion;2;vale;2;inégalité;1;minéralier;1;bénéfice;1;politique;1;métal;1;gestion;1;infrastructure;1;;
goro;3;nature;2;mineur;2;international;2;mineur;2;exploitation;2;scorie;2;mineur;1;enjeu;1;main d’oeuvre;1;matière première;1;exonération;1;multinationale;1;poro;1;;
or;3;extraction;2;géologie;2;paysage;2;géologie;2;dépendance;2;permis;2;camion;1;poussière;1;enjeu;1;gisement;1;enercal;1;biodiversité;1;choix;1;;
paysage;2;mine;2;poussière;2;division;2;reboisement;2;dégradation;2;inondation;1;industrie;1;dégradation;1;produit chimique;1;milieu;1;appauvrissement;1;éboulement;1;chômage;1;;
carrière;2;nouvelle-calédonie;2;pelle;2;fer;2;problème;2;impact;2;travail;1;usine;1;dilemme;1;dégât;1;sécurité;1;métal rares;1;rouge;1;crise;1;;
maquis minier;2;projet;2;fer;2;goro;2;dégât;2;ouvrier;2;malédiction;1;érosion;1;dégât;1;impact;1;risque;1;eau salubre;1;envié;1;route;1;;
charbon;2;danger;2;vkp;2;politique;2;changement;2;goro;2;blocage;1;sln;1;fer;1;ouvrier;1;exportation;1;grève;1;écosystème;1;;;;
vale;2;usine du sud;2;carrière;2;fumée;2;ouvrier;2;commerce;2;mer;1;santé;1;ouvrier;1;mine d’or;1;tapis roulant;1;milieu dur;1;ruamm;1;;;;
rouge;2;conflit;2;garniérite;2;pétrole;2;épuisable;2;charbon;2;extraction;1;problème;1;carrière;1;écologie;1;lobby;1;flore;1;syndicat;1;;;;
boom;1;développement;2;roche;2;machine;2;finance;2;importation;2;évolution;1;revendication;1;engin;1;goro;1;fumée;1;valeur;1;terre coutumière;1;;;;
centre minier;1;poussière;2;écologie;2;grève;2;traitement;2;vert;2;revenu;1;projet;1;épuisement;1;épuisement;1;chaleur;1;déformation;1;racine;1;;;;
aide;1;dégradation;2;politique;2;or;2;sécurité;2;machine;2;caillou;1;danger;1;interaction;1;sidérurgie;1;long-terme;1;feu;1;rééquilibrage;1;;;;
nouvelle-calédonie;1;prospection;2;charbon;2;latérite;2;métal;2;tunnel;2;terre rouge;1;amélioration;1;matière première;1;sécurité;1;travailleur;1;infrastructure;1;récif;1;;;;
problème;1;roche;2;ressource épuisable;2;ressource économique;2;pouvoir;2;casque;2;géologie;1;outil;1;ftn;1;vale;1;avantage;1;vavouto;1;économie positive;1;;;;
bénéfice;1;politique;2;or;2;productivité;2;creuser;2;métier;2;perle;1;intégration;1;métallurgie;1;rachat;1;bruyant;1;apport;1;projet lucy;1;;;;
usine du sud;1;charbon;2;pierre;2;nature;1;or;2;matériel;2;aide;1;famille;1;explosion;1;polluant;1;conséquence;1;rentabilité;1;riche;1;;;;
poussière;1;kns;2;rouge;2;évolution;1;latérite;2;frein;1;reboisement;1;produit chimique;1;délicatesse;1;scorie;1;souterrain;1;délocalisation;1;dévégétalisation;1;;;;
produit chimique;1;crayon;2;smsp;2;aide;1;tension;2;nature;1;érosion;1;tourisme;1;colas;1;enercal;1;faune;1;bourse;1;non durable;1;;;;
ferraille;1;machine;2;inondation;1;mine;1;souterrain;2;réparation;1;exploitation;1;fer;1;métal;1;important;1;chaussure de sécurité;1;désabusé;1;voiture;1;;;;
prospection;1;nord;2;boom;1;industrie;1;métier;2;diversité;1;nouvelle-calédonie;1;contentieux;1;pouvoir;1;gestion;1;investissement;1;énergie fossile;1;usure;1;;;;
fer;1;territoire;2;blocage;1;nouvelle-calédonie;1;nmc;2;revenu;1;opportunité;1;agriculture;1;important;1;mondialisation;1;casque;1;ruissellement;1;hauteur;1;;;;
mondial;1;serpentine;2;plainte;1;patrimoine;1;matière;2;laboratoire;1;dépendance;1;bateau;1;gestion;1;exaction;1;ancêtre;1;air;1;directeur;1;;;;
trésor;1;rouge;2;production;1;dépendance;1;profit;2;porte d’entrée;1;financement;1;doniambo;1;mondialisation;1;biodiversité;1;sécheresse;1;position géographique;1;;;;;;
propriété;1;rocher;2;terre rouge;1;tradition;1;déchet;2;mine;1;pays;1;employé;1;creuser;1;éboulement;1;dynamite;1;lourd;1;;;;;;
grand;1;infrastructure;2;reboisement;1;problème;1;retombée;1;industrie;1;danger;1;déforestation;1;investigation;1;eramet;1;infrastructure;1;fille;1;;;;;;
chantier;1;inondation;1;dépendance;1;autonomie;1;histoire;1;international;1;minéralier;1;épuisable;1;peuple;1;yaté;1;eau;1;route;1;;;;;;
employé;1;malédiction;1;produit;1;projet;1;mer;1;problème;1;dépendant;1;sponsor;1;pib;1;grève;1;rentabilité;1;tombereau;1;;;;;;
sud;1;blocage;1;projet;1;danger;1;train;1;revendication;1;paysage;1;énergie;1;père;1;compliquer;1;abus;1;planter;1;;;;;;
écologie;1;village;1;revégétalisation;1;bénéfice;1;évolution;1;pays;1;démolition;1;vente;1;non-renouvelable;1;conséquence;1;échantillon;1;;;;;;;;
déforestation;1;contracteur;1;danger;1;main d’oeuvre;1;revenu;1;bénéfice;1;éloignement;1;centrale;1;horaire;1;endémique;1;projet lucy;1;;;;;;;;
matière première;1;géologie;1;formation;1;enjeu;1;caillou;1;minéralier;1;famille;1;prony resources;1;obscure;1;rouge;1;inconscience;1;;;;;;;;
commerce;1;aide;1;minéralier;1;développement;1;industrie;1;développement;1;pelle;1;gisement;1;emploi qualifié;1;gilet fluo;1;productivité;1;;;;;;;;
prony resources;1;commune minière;1;tribu;1;bien - mal;1;érosion;1;enfant;1;impact;1;manipulation;1;colonisation;1;casque;1;victime;1;;;;;;;;
exportation;1;industrialisation;1;condition de vie;1;flexible;1;nouvelle-calédonie;1;prix à payer;1;prospection;1;vale;1;développement durable;1;emploi non-qualifié;1;fourneau;1;;;;;;;;
polluant;1;problème;1;paysage;1;usine de goro;1;opportunité;1;nécessité;1;fer;1;institution;1;tenue de travail;1;épuisant;1;esclavagisme;1;;;;;;;;
fumée;1;main d’oeuvre;1;polyvalent;1;monopole;1;civilisation;1;école;1;fabrication;1;jules garnier;1;technologie;1;dividende;1;matériel;1;;;;;;;;
sale;1;bilan;1;outil;1;pelle;1;protection;1;changement;1;liens;1;métal;1;tiébaghi;1;problème écologique;1;végétal;1;;;;;;;;
noir;1;tribu;1;foncier;1;changement;1;pays;1;fer;1;vol;1;développement territorial;1;dur;1;vavouto;1;gaz;1;;;;;;;;
crayon;1;enfant;1;corruption;1;impact;1;danger;1;fabrication;1;profite;1;hydrométallurgie;1;disparition;1;arbre;1;garçon;1;;;;;;;;
machine;1;paysage;1;nécessité;1;usine de doniambo;1;main d’oeuvre;1;poisson;1;four;1;fumée;1;cobalt;1;eau;1;obèse;1;;;;;;;;
grotte;1;amélioration;1;dégât;1;conseil tribal;1;usine du sud;1;détruire;1;province nord;1;sale;1;arbuste;1;sol;1;réserve minière;1;;;;;;;;
latérite;1;outil;1;changement;1;fermeture;1;poussière;1;badge;1;epi;1;appauvrissement;1;quantité;1;intérêt commun;1;ressource mondiale;1;;;;;;;;
pib;1;famille;1;mauvais;1;province nord;1;reconnaissance;1;chantier;1;chantier;1;gestion;1;surexploitation;1;hiérarchie;1;nuit;1;;;;;;;;
poumon;1;division;1;propriété;1;chantier;1;outil;1;monnaie;1;ouvrier;1;avenir;1;politisé;1;ville;1;pépinière;1;;;;;;;;
schéma minier;1;changement;1;répartition;1;ouvrier;1;hypocrisie;1;vkp;1;bateau;1;transport;1;rentabilité;1;promesse;1;sauvegarder;1;;;;;;;;
rocher;1;puissance;1;four;1;échange;1;positif - négatif;1;ancien;1;énergie;1;machine;1;camionneur;1;géologue;1;;;;;;;;;;
atelier;1;dérangement;1;symbole;1;teneur;1;division;1;pioche;1;matière première;1;usine nord;1;secteur;1;trou;1;;;;;;;;;;
minéral;1;chantier;1;doniambo;1;garniérite;1;tourisme;1;employé;1;ftn;1;bloc;1;dette;1;résidu;1;;;;;;;;;;
jade;1;ouvrier;1;sud;1;transformation;1;fer;1;garniérite;1;tertiaire;1;vendre;1;influence;1;responsabilité;1;;;;;;;;;;
chine;1;vital;1;engin;1;recherche;1;propriété;1;roche;1;métallurgie;1;serpentine;1;forêt sèche;1;chinois;1;;;;;;;;;;
instabilité;1;doniambo;1;finance;1;épuisable;1;vol;1;faillite;1;risque;1;accident;1;porte-conteneur;1;compromis;1;;;;;;;;;;
végétal;1;vkp;1;vente;1;finance;1;grand;1;bouleversement;1;tapis roulant;1;diamant;1;bombe;1;fortune;1;;;;;;;;;;
rapport;1;employé;1;matière première;1;énergie;1;four;1;transformation;1;procédé;1;roue;1;responsabilité;1;engin d’extraction;1;;;;;;;;;;
prospérité;1;carrière;1;commerce;1;rejet;1;raréfaction;1;recherche;1;convoitise;1;wagonnet;1;toxicité;1;espèce;1;;;;;;;;;;
tombereau;1;sud;1;centrale;1;matière première;1;maquis;1;négociation;1;fumée;1;stratégique;1;privilège;1;rémunération;1;;;;;;;;;;
activité économique;1;transformation;1;métallurgie;1;métallurgie;1;doniambo;1;empire;1;sous-traitant;1;effet de serre;1;diplomatie;1;incompréhension;1;;;;;;;;;;
déficit;1;matière première;1;activité minière;1;sécurité;1;cheminée;1;rejet;1;sale;1;sécheresse;1;hygiène;1;repos;1;;;;;;;;;;
kanak;1;commerce;1;exportation;1;explosion;1;échange;1;politique;1;appauvrissement;1;questionnement;1;réchauffement;1;jeune;1;;;;;;;;;;
;;vale;1;port;1;maladie;1;pioche;1;matière première;1;multinationale;1;feu;1;permis;1;construction;1;;;;;;;;;;
;;entreprise;1;jules garnier;1;vale;1;employé;1;traitement;1;transport;1;ouverture;1;industrie durable;1;tesla;1;;;;;;;;;;
;;métal;1;hydrométallurgie;1;cours;1;garniérite;1;ciel ouvert;1;éboulement;1;lunette;1;gigantisme;1;investir;1;;;;;;;;;;
;;scorie;1;long-terme;1;entreprise;1;roche;1;gisement;1;tractopelle;1;thio;1;;;qualité;1;;;;;;;;;;
;;sale;1;avenir;1;métal;1;entente;1;métallurgie;1;machine;1;différence;1;;;;;;;;;;;;;;
;;gestion;1;france;1;développement économique;1;épuisement;1;sécurité;1;eramet;1;province sud;1;;;;;;;;;;;;;;
;;extinction;1;mal payé;1;pouvoir;1;politique;1;maladie;1;grotte;1;offshore;1;;;;;;;;;;;;;;
;;vert;1;pétrole;1;scorie;1;ftn;1;vale;1;travailleur;1;koniambo;1;;;;;;;;;;;;;;
;;profondeur;1;vert;1;sale;1;engin minier;1;métal;1;indépendance;1;arbre;1;;;;;;;;;;;;;;
;;inox;1;yaté;1;important;1;convoyeur;1;polluant;1;pays exploité;1;lieu;1;;;;;;;;;;;;;;
;;pierre;1;grotte;1;importation;1;gisement;1;chaleur;1;dangereux;1;sol;1;;;;;;;;;;;;;;
;;tunnel;1;arme;1;transport;1;maladie;1;gestion;1;avancement;1;fausse dépendance;1;;;;;;;;;;;;;;
;;saleté;1;indépendance;1;noir;1;risque;1;transport;1;conséquence;1;réchauffement climatique;1;;;;;;;;;;;;;;
;;souterrain;1;diamant;1;étroit;1;partout;1;eramet;1;accident;1;terre coutumière;1;;;;;;;;;;;;;;
;;diamant;1;faune;1;creuser;1;jules garnier;1;arme;1;rouge;1;population;1;;;;;;;;;;;;;;
;;organisation;1;esclave;1;difficile;1;développement d’activités;1;travailleur;1;investissement;1;promesse d’embauche;1;;;;;;;;;;;;;;
;;fer rubané;1;investissement;1;marchandise;1;convoitise;1;inox;1;casque;1;pistonnage;1;;;;;;;;;;;;;;
;;écosystème;1;précieux;1;nord;1;kns;1;pierre;1;métier;1;électricité;1;;;;;;;;;;;;;;
;;privé;1;casque;1;grotte;1;scorie;1;vendre;1;géopolitique;1;centrale hydraulique;1;;;;;;;;;;;;;;
;;dur;1;compagnie;1;travailleur;1;chaleur;1;tension;1;acide;1;les évènements;1;;;;;;;;;;;;;;
;;salaire;1;forage;1;diminution;1;sale;1;fraude;1;pillage;1;chine;1;;;;;;;;;;;;;;
;;vavouto;1;valorisation;1;territoire;1;gestion;1;smsp;1;débat;1;manque de matériau;1;;;;;;;;;;;;;;
;;arbre;1;relation internationale;1;pierre;1;biodiversité;1;minecraft;1;coutume;1;uni;1;;;;;;;;;;;;;;
;;boue;1;ressource naturelle;1;tension;1;équipe;1;débat;1;analyse;1;fioul;1;;;;;;;;;;;;;;
;;terre coutumière;1;ombre;1;indépendance;1;machine;1;source;1;convertissement;1;forêt;1;;;;;;;;;;;;;;
;;valeur culturelle;1;sombre;1;tristesse;1;militaire;1;sécurité civile;1;développement durable;1;condition de travail;1;;;;;;;;;;;;;;
;;travail forcé;1;tiébaghi;1;dangereux;1;instable;1;développement durable;1;lampe;1;politique extérieure;1;;;;;;;;;;;;;;
;;chargement;1;thio;1;matériau;1;roulement;1;appartenance;1;flux;1;articuler;1;;;;;;;;;;;;;;
;;danger environnemental;1;futur;1;horaire;1;matériau;1;thio;1;gilet;1;explorer;1;;;;;;;;;;;;;;
;;pyrométallurgie;1;eau;1;forage;1;rouge;1;indispensable;1;corée;1;permis;1;;;;;;;;;;;;;;
;;dévégétalisation;1;surexploitation;1;pillage;1;gimli;1;corée;1;houaïlou;1;connaissance;1;;;;;;;;;;;;;;
;;enjeu économique;1;aménagement;1;marché;1;babylone;1;produit fini;1;or vert;1;concurrent;1;;;;;;;;;;;;;;
;;chrome;1;désastre;1;endettement;1;marché;1;disparition;1;rocher;1;progrès;1;;;;;;;;;;;;;;
;;terrain;1;pôle attractif;1;local;1;expérience scientifique;1;salaire;1;salaire;1;diplôme;1;;;;;;;;;;;;;;
;;bénéfique;1;profit;1;feu;1;dynamite;1;côte ouest;1;cobalt;1;force;1;;;;;;;;;;;;;;
;;explosif;1;modernisation;1;trésor souterrain;1;salarié;1;granite;1;arbre;1;femme;1;;;;;;;;;;;;;;
;;matériel;1;lithium;1;tiébaghi;1;pile;1;vavouto;1;ponctualité;1;terrasse;1;;;;;;;;;;;;;;
;;rapporté;1;ressource limitée;1;népoui;1;sombre;1;eau;1;magouille;1;terrassement;1;;;;;;;;;;;;;;
;;primaire;1;engravement;1;consommation;1;tiébaghi;1;surexploitation;1;mise en valeur;1;;;;;;;;;;;;;;;;
;;roche verte;1;terre exploitée;1;climat;1;népoui;1;relation;1;commerce international;1;;;;;;;;;;;;;;;;
;;partage;1;dévastateur;1;ballande;1;sacré;1;véhicule minier;1;réchauffement climatique;1;;;;;;;;;;;;;;;;
;;tri-tout;1;capitalisme;1;économie fictive;1;bruit;1;mafia;1;boue;1;;;;;;;;;;;;;;;;
;;travail dur;1;rivière;1;syndicat;1;acheminement;1;plante endémique;1;non viable;1;;;;;;;;;;;;;;;;
;;;;gueule noire;1;granite;1;futur;1;identité;1;dette;1;;;;;;;;;;;;;;;;
;;;;matériel;1;arbre;1;espèce en voie de disparition;1;cuivre;1;challenge écologique;1;;;;;;;;;;;;;;;;
;;;;cristal;1;catastrophe;1;poro;1;découverte;1;rééquilibrage;1;;;;;;;;;;;;;;;;
;;;;société;1;croissance;1;arbuste;1;alchimie;1;centrale à charbon;1;;;;;;;;;;;;;;;;
;;;;uniforme;1;boue;1;lieu;1;projet lucy;1;mort;1;;;;;;;;;;;;;;;;
;;;;ressource non-renouvelable;1;désaccord;1;glissement de terrain;1;flnks;1;valeur économique;1;;;;;;;;;;;;;;;;
;;;;tenue;1;espèce endémique;1;décroissance;1;terrain;1;uc;1;;;;;;;;;;;;;;;;
;;;;passé;1;naturel;1;désaccord;1;tapis;1;dépense;1;;;;;;;;;;;;;;;;
;;;;fiscalité;1;dette;1;expansion;1;bronze;1;fonctionnement;1;;;;;;;;;;;;;;;;
;;;;bulldozer;1;capitalisation;1;population;1;avancé;1;terrain;1;;;;;;;;;;;;;;;;
;;;;nourriture;1;intérimaire;1;verdure;1;cher;1;caverne;1;;;;;;;;;;;;;;;;
;;;;dimenc;1;électricité;1;ruisseau;1;aluminium;1;kouaoua;1;;;;;;;;;;;;;;;;
;;;;stabilité;1;lagon;1;énergie fossile;1;spécialisé;1;crise;1;;;;;;;;;;;;;;;;
;;;;prony;1;terre exploitée;1;corail;1;garçon;1;fille;1;;;;;;;;;;;;;;;;
;;;;;;projet lucy;1;mort;1;fille;1;effort;1;;;;;;;;;;;;;;;;
;;;;;;pollueur;1;7 nains;1;échelle;1;voiture;1;;;;;;;;;;;;;;;;
;;;;;;chauffeur;1;barrage;1;perturbation;1;pas durable;1;;;;;;;;;;;;;;;;
;;;;;;batterie;1;incompétence;1;chaos;1;violence;1;;;;;;;;;;;;;;;;
;;;;;;problème foncier;1;pièce de monnaie;1;centre;1;homme;1;;;;;;;;;;;;;;;;
;;;;;;déboisement;1;mesure de sécurité;1;dang;1;échec;1;;;;;;;;;;;;;;;;
;;;;;;soufre;1;guerre;1;maintenance;1;chimie;1;;;;;;;;;;;;;;;;
;;;;;;choix;1;ouaco;1;assiette;1;;;;;;;;;;;;;;;;;;
;;;;;;rivière;1;classe sociale;1;altérite;1;;;;;;;;;;;;;;;;;;
;;;;;;prélèvement;1;condition;1;reforestation;1;;;;;;;;;;;;;;;;;;
;;;;;;bronze;1;chaudière;1;;;;;;;;;;;;;;;;;;;;
;;;;;;explosif;1;vapeur;1;;;;;;;;;;;;;;;;;;;;
;;;;;;matériel;1;garçon;1;;;;;;;;;;;;;;;;;;;;
;;;;;;ican;1;trafigura;1;;;;;;;;;;;;;;;;;;;;
;;;;;;traitement chimique;1;instabilité du sol;1;;;;;;;;;;;;;;;;;;;;
;;;;;;tenue;1;tôt;1;;;;;;;;;;;;;;;;;;;;
;;;;;;effondrement;1;partiel;1;;;;;;;;;;;;;;;;;;;;
;;;;;;;;nuit;1;;;;;;;;;;;;;;;;;;;;
;;;;;;;;massif minier;1;;;;;;;;;;;;;;;;;;;;
;;;;;;;;éducation;1;;;;;;;;;;;;;;;;;;;;
;;;;;;;;mécanique;1;;;;;;;;;;;;;;;;;;;;
;;;;;;;;roue-pelle;1;;;;;;;;;;;;;;;;;;;;
;;;;;;;;stérile;1;;;;;;;;;;;;;;;;;;;;
;;;;;;;;calamine;1;;;;;;;;;;;;;;;;;;;;
