1;avenir sans nickel;industrie;travail;exploitation minière;politique
2;secteur nickel;secteur nickel;secteur nickel;politique;relation politique;avenir avec nickel;politique;travail
4;avenir sans nickel;avenir sans nickel;pollution;secteur nickel;ressource minière;politique
5;dégradation environnementale;nature;dégradation environnementale;société néo-calédonienne;avenir avec nickel
6;exploitation minière;nouvelle-calédonie;secteur nickel;politique;alternative au développement;société néo-calédonienne
7;avenir sans nickel;nickel;nature;travail
8;dégradation environnementale;ressource minière;avenir sans nickel;pollution;nouvelle-calédonie;avenir sans nickel
9;pollution;dégradation environnementale;politique
10;avenir sans nickel;avenir sans nickel;avenir sans nickel
11;dégradation environnementale;nature;industrie
12;dégradation environnementale;pollution;avenir sans nickel;alternative au développement
13;avenir sans nickel
14;pollution;relation politique;économie;politique
15;nouvelle-calédonie;secteur nickel;politique
16;pollution;nature
17;amélioration environnementale;nouvelle-calédonie;alternative au développement
19;foncier;avenir avec nickel;dégradation environnementale;ressource minière;nature;politique
20;économie;pollution
21;avenir avec nickel;avenir sans nickel;alternative au développement;pollution;travail;société néo-calédonienne
22;avenir sans nickel;ressource minière;avenir sans nickel;société néo-calédonienne;alternative au développement;alternative au développement;nouvelle-calédonie
23;dégradation environnementale;économie;avenir avec nickel;avenir sans nickel
24;pollution;société néo-calédonienne
25;dégradation environnementale;pollution;travail
26;ressource minière;économie;alternative au développement;nickel;ressource minière
27;ressource minière;nature
28;avenir avec nickel;politique;pollution
29;essor technologique;ressource minière;ressource minière;alternative au développement;ressource minière;économie
30;avenir sans nickel;relation politique;économie;politique;alternative au développement;ressource minière;dégradation environnementale;avenir sans nickel;dégradation environnementale
31;avenir sans nickel;avenir avec nickel;économie;alternative au développement;pollution;avenir sans nickel;société néo-calédonienne;travail;essor technologique
32;nouvelle-calédonie;alternative au développement;économie;alternative au développement;politique;amélioration environnementale;dégradation environnementale
33;ressource minière;ressource minière;alternative au développement;dégradation environnementale;dégradation environnementale;nature
34;pollution;dégradation environnementale;pollution;avenir avec nickel;économie;société néo-calédonienne;alternative au développement;nouvelle-calédonie;alternative au développement
35;alternative au développement;nickel;nouvelle-calédonie;dégradation environnementale;essor technologique
36;avenir sans nickel;pollution;travail;nouvelle-calédonie;nouvelle-calédonie
37;économie;nickel;industrie;alternative au développement;alternative au développement;secteur nickel;secteur nickel;avenir avec nickel
38;alternative au développement;ressource minière;dégradation environnementale;politique
39;alternative au développement;alternative au développement;secteur nickel;alternative au développement
41;amélioration environnementale
42;avenir avec nickel;pollution;avenir sans nickel
43;exploitation minière;avenir sans nickel;avenir avec nickel;dégradation environnementale;avenir sans nickel;société néo-calédonienne;pollution;dégradation environnementale;nature
44;avenir sans nickel;avenir sans nickel;dégradation environnementale;pollution;dégradation environnementale
46;avenir avec nickel;avenir sans nickel;dégradation environnementale
47;avenir sans nickel;société néo-calédonienne;société néo-calédonienne;société néo-calédonienne;alternative au développement;travail;société néo-calédonienne
48
49;avenir sans nickel;ressource minière;échange commercial;relation politique;travail;société néo-calédonienne
50;politique;société néo-calédonienne
51;société néo-calédonienne;dégradation environnementale;société néo-calédonienne;nature
52;politique
53
54;ressource minière;avenir sans nickel;foncier
55;société néo-calédonienne;société néo-calédonienne;nouvelle-calédonie;secteur nickel;nouvelle-calédonie;politique;nickel;relation politique;avenir sans nickel;dégradation environnementale
56;économie;politique;alternative au développement;dégradation environnementale;secteur nickel;nickel;société néo-calédonienne;dégradation environnementale
57;avenir sans nickel;avenir avec nickel;alternative au développement;économie;secteur nickel;pollution
58;dégradation environnementale;amélioration environnementale;économie;société néo-calédonienne
59;industrie
60;avenir sans nickel;amélioration environnementale;avenir sans nickel
61;avenir sans nickel;économie;alternative au développement
62;dégradation environnementale;ressource minière;travail;politique
63;dégradation environnementale;relation politique
65;avenir avec nickel;alternative au développement
67;secteur nickel;économie;ressource minière;avenir sans nickel;relation politique;nouvelle-calédonie
68;politique;secteur nickel;pollution;secteur nickel;politique;travail
69;politique;avenir avec nickel;essor technologique;amélioration environnementale;alternative au développement;secteur nickel
70;nouvelle-calédonie;économie;société néo-calédonienne;relation politique;ressource minière
71;secteur nickel;dégradation environnementale;dégradation environnementale
72;avenir avec nickel;amélioration environnementale;avenir sans nickel
73;avenir sans nickel;avenir sans nickel;économie
74;avenir avec nickel;ressource minière
76;économie;nouvelle-calédonie;échange commercial
77;alternative au développement;dégradation environnementale
81;société néo-calédonienne;alternative au développement;ressource minière;économie;alternative au développement;pollution;avenir sans nickel
82;pollution;travail;risque;avenir sans nickel;avenir avec nickel
83;dégradation environnementale;ressource minière;économie;travail;alternative au développement;amélioration environnementale;avenir avec nickel
84;politique;exploitation minière;matériel;amélioration environnementale;exploitation minière;exploitation minière;secteur nickel;alternative au développement;alternative au développement;nouvelle-calédonie;alternative au développement
85;nature;amélioration environnementale;société néo-calédonienne;politique
86;économie;secteur nickel;ressource minière;nickel;travail;société néo-calédonienne;société néo-calédonienne;nouvelle-calédonie;politique
87;essor technologique
88;amélioration environnementale;avenir avec nickel;dégradation environnementale
89;avenir avec nickel;ressource minière;dégradation environnementale
90;économie;amélioration environnementale
91;risque;politique;politique;alternative au développement;dégradation environnementale;politique;avenir avec nickel;dégradation environnementale;ressource minière;politique;secteur nickel;avenir sans nickel;politique
92;dégradation environnementale;dégradation environnementale;essor technologique;alternative au développement;dégradation environnementale;secteur nickel;alternative au développement;avenir sans nickel;pollution;pollution;dégradation environnementale;ressource minière;ressource minière
93;dégradation environnementale;matériel;travail;politique;alternative au développement;pollution;essor technologique
94;avenir sans nickel;avenir sans nickel;avenir avec nickel;échange commercial;avenir avec nickel;avenir sans nickel;essor technologique;avenir avec nickel;dégradation environnementale;ressource minière;société néo-calédonienne
95;exploitation minière;industrie;dégradation environnementale;ressource minière;économie;économie;politique;industrie;industrie;risque;alternative au développement
96;pollution;exploitation minière;risque;pollution;dégradation environnementale;société néo-calédonienne;exploitation minière;exploitation minière;amélioration environnementale;secteur nickel;pollution;travail;matériel;travail
97;ressource minière;alternative au développement;ressource minière;pollution;dégradation environnementale;essor technologique;travail;économie;amélioration environnementale
98;ressource minière;dégradation environnementale;dégradation environnementale;politique;politique;économie;relation politique
99;pollution;avenir sans nickel;avenir avec nickel;alternative au développement;dégradation environnementale;essor technologique;alternative au développement
100;ressource minière;pollution;essor technologique;alternative au développement;échange commercial
101;ressource minière;pollution;ressource minière;échange commercial;nickel;économie;dégradation environnementale
102;avenir sans nickel;travail;ressource minière
103;société néo-calédonienne;nickel;industrie;industrie;nickel;nickel;échange commercial;secteur nickel;secteur nickel;alternative au développement;amélioration environnementale;amélioration environnementale;alternative au développement
104;politique;nouvelle-calédonie;exploitation minière;industrie;économie;nouvelle-calédonie;nouvelle-calédonie;politique;ressource minière;amélioration environnementale
105;ressource minière;alternative au développement;nickel;pollution;société néo-calédonienne;ressource minière;pollution;pollution;pollution
106;avenir avec nickel;politique;exploitation minière;risque;société néo-calédonienne;nickel;relation politique;avenir avec nickel
107;dégradation environnementale;économie;échange commercial;ressource minière
108;avenir sans nickel;avenir sans nickel
109;dégradation environnementale;ressource minière
110;ressource minière;ressource minière;pollution;essor technologique
111;essor technologique;amélioration environnementale;dégradation environnementale;amélioration environnementale;nature;travail;avenir sans nickel
112
113;avenir sans nickel
114;avenir sans nickel
115;travail;essor technologique;alternative au développement;essor technologique;alternative au développement
116;alternative au développement;alternative au développement;essor technologique
117;amélioration environnementale;amélioration environnementale;avenir avec nickel
118;amélioration environnementale;dégradation environnementale;essor technologique;nouvelle-calédonie;ressource minière
119;avenir sans nickel
120;ressource minière;politique
121;nouvelle-calédonie;secteur nickel
122;avenir avec nickel;dégradation environnementale;essor technologique
123;dégradation environnementale;alternative au développement
124;ressource minière;ressource minière;pollution;travail;industrie
125;nickel;avenir avec nickel;économie;dégradation environnementale;avenir sans nickel;dégradation environnementale
126;ressource minière;industrie;ressource minière;ressource minière;avenir sans nickel;politique
127;ressource minière;nickel;dégradation environnementale;société néo-calédonienne;alternative au développement;pollution
128;risque;économie;politique;travail;dégradation environnementale;pollution;dégradation environnementale
129;alternative au développement;politique;travail;alternative au développement
130;pollution;relation politique
131;avenir sans nickel;travail;travail;politique
132;avenir sans nickel;dégradation environnementale;amélioration environnementale;avenir sans nickel;alternative au développement;industrie;essor technologique
133;économie;société néo-calédonienne;politique;foncier;industrie;économie;alternative au développement;exploitation minière;échange commercial
134;avenir sans nickel;société néo-calédonienne;avenir sans nickel;pollution;travail;avenir sans nickel;dégradation environnementale
135;essor technologique;essor technologique;essor technologique;nickel
136;secteur nickel;pollution
137;travail;essor technologique;alternative au développement
138
139;ressource minière;politique
140;avenir avec nickel;secteur nickel;dégradation environnementale;pollution;nouvelle-calédonie;relation politique
141;essor technologique;ressource minière;travail;pollution;travail;dégradation environnementale
142;travail;risque;travail;avenir avec nickel;économie;dégradation environnementale;travail
143;alternative au développement;économie;avenir avec nickel;économie;dégradation environnementale;dégradation environnementale
144;économie
145;essor technologique;pollution;économie
146;pollution;nature;nature;dégradation environnementale;dégradation environnementale;alternative au développement
147;amélioration environnementale;pollution;nouvelle-calédonie;nickel;société néo-calédonienne;nature;relation politique;politique;risque
148;travail;avenir avec nickel;secteur nickel;politique
149;ressource minière;avenir sans nickel;amélioration environnementale;avenir avec nickel;travail;pollution;amélioration environnementale;amélioration environnementale
150;pollution
151;essor technologique;dégradation environnementale;pollution
152
153;avenir avec nickel;avenir sans nickel;avenir sans nickel;avenir sans nickel;pollution;dégradation environnementale;nature;dégradation environnementale;risque;avenir sans nickel
154;pollution;essor technologique;secteur nickel;relation politique;travail;relation politique
155;avenir avec nickel;avenir sans nickel;ressource minière;dégradation environnementale
156;amélioration environnementale;secteur nickel;ressource minière;secteur nickel
157;alternative au développement;nouvelle-calédonie;secteur nickel;travail;essor technologique
158;industrie;essor technologique;avenir avec nickel;ressource minière;ressource minière;ressource minière;nickel
159;exploitation minière;secteur nickel;échange commercial;échange commercial;secteur nickel;secteur nickel;travail;essor technologique;dégradation environnementale
160;essor technologique;nouvelle-calédonie;essor technologique;économie;travail;société néo-calédonienne
161;dégradation environnementale;travail;pollution;nickel;foncier
162;amélioration environnementale;dégradation environnementale;travail;pollution;économie;avenir avec nickel;nouvelle-calédonie
163;nickel;dégradation environnementale;société néo-calédonienne
164;amélioration environnementale;nouvelle-calédonie;alternative au développement
165;amélioration environnementale;travail;ressource minière;alternative au développement
166;avenir avec nickel;nickel;amélioration environnementale;nature
167;ressource minière;avenir sans nickel;alternative au développement
168;amélioration environnementale;avenir avec nickel
169;amélioration environnementale;essor technologique;amélioration environnementale
170;dégradation environnementale;politique;dégradation environnementale;travail;travail;alternative au développement;travail;amélioration environnementale
171;ressource minière
172;dégradation environnementale;essor technologique;ressource minière
173;échange commercial;dégradation environnementale
174;dégradation environnementale;économie;dégradation environnementale;dégradation environnementale;secteur nickel
175;politique;amélioration environnementale;pollution;société néo-calédonienne;société néo-calédonienne
176;politique;avenir sans nickel;politique;dégradation environnementale;politique
177;dégradation environnementale;amélioration environnementale
178;politique;essor technologique;dégradation environnementale;relation politique;ressource minière;alternative au développement
179;pollution;ressource minière
180;échange commercial;nickel;dégradation environnementale;relation politique
181;alternative au développement;politique;ressource minière;nouvelle-calédonie;travail;matériel
182;économie;dégradation environnementale;travail;nickel
183;ressource minière;dégradation environnementale;dégradation environnementale
184;économie;ressource minière;essor technologique;alternative au développement
185;secteur nickel;secteur nickel;secteur nickel;relation politique
186;ressource minière;nouvelle-calédonie;économie;société néo-calédonienne
187;ressource minière;pollution
188;ressource minière
189;avenir sans nickel;politique;alternative au développement;relation politique;dégradation environnementale;dégradation environnementale
190;nouvelle-calédonie;relation politique;échange commercial;échange commercial
191;économie;dégradation environnementale;travail
192;ressource minière;dégradation environnementale
193;exploitation minière;ressource minière
194;ressource minière;économie;pollution
195;politique;ressource minière;avenir sans nickel;ressource minière;essor technologique;secteur nickel
196;avenir sans nickel
197;alternative au développement;travail;essor technologique;ressource minière
198;essor technologique;essor technologique;matériel
199;avenir sans nickel;politique;avenir sans nickel;ressource minière
200;essor technologique;travail;avenir avec nickel
201;essor technologique;pollution;nickel
202;secteur nickel;politique
203;pollution;travail;foncier;exploitation minière;économie;nature;ressource minière
204;avenir sans nickel;ressource minière
205;dégradation environnementale;avenir avec nickel;secteur nickel;dégradation environnementale;pollution
206;avenir sans nickel;avenir sans nickel;secteur nickel
207;avenir sans nickel;relation politique
208;amélioration environnementale;pollution;travail;ressource minière;risque;travail
209;dégradation environnementale;économie;politique;travail;société néo-calédonienne;pollution
210;alternative au développement;foncier;foncier;dégradation environnementale
211;pollution;travail;économie;travail;secteur nickel;politique;secteur nickel;pollution;politique;nickel;industrie;nickel;dégradation environnementale;société néo-calédonienne;alternative au développement;nature;société néo-calédonienne
212;ressource minière;nickel;exploitation minière;nature;essor technologique;travail
213;foncier;foncier;secteur nickel;secteur nickel;avenir sans nickel;alternative au développement;secteur nickel;essor technologique;essor technologique;ressource minière;alternative au développement
214;travail;industrie;avenir sans nickel;avenir avec nickel;secteur nickel;secteur nickel;pollution;économie;secteur nickel
215;avenir avec nickel;avenir sans nickel;nickel;amélioration environnementale;secteur nickel;alternative au développement
216;avenir sans nickel;alternative au développement;société néo-calédonienne
217;secteur nickel;dégradation environnementale;nickel;politique;secteur nickel;politique;avenir sans nickel;relation politique
218;avenir sans nickel;essor technologique;économie;relation politique;alternative au développement;alternative au développement;nickel;société néo-calédonienne;travail;nouvelle-calédonie;alternative au développement;société néo-calédonienne;secteur nickel;alternative au développement;politique
219;dégradation environnementale;pollution;économie;essor technologique
220;amélioration environnementale;secteur nickel;travail;nickel;société néo-calédonienne;secteur nickel;industrie;politique;avenir avec nickel;essor technologique
221;essor technologique
222
223;ressource minière;pollution
224;pollution;dégradation environnementale;travail
225;dégradation environnementale;travail;secteur nickel;exploitation minière;ressource minière;amélioration environnementale;foncier
226;ressource minière;avenir avec nickel
227;relation politique;échange commercial;économie;nickel;alternative au développement;économie
228;alternative au développement;avenir sans nickel;travail;alternative au développement
229;amélioration environnementale;travail;politique;politique;pollution;ressource minière
230;industrie;avenir sans nickel;ressource minière;échange commercial;relation politique;relation politique;économie;dégradation environnementale
231;avenir avec nickel;nature;amélioration environnementale;travail;économie
232;dégradation environnementale;dégradation environnementale;travail;économie;société néo-calédonienne;société néo-calédonienne;travail
233;avenir sans nickel;alternative au développement;amélioration environnementale;travail;secteur nickel;secteur nickel;alternative au développement;secteur nickel;amélioration environnementale;foncier
234;avenir sans nickel;amélioration environnementale;essor technologique;risque
235;ressource minière;économie;dégradation environnementale;nouvelle-calédonie;ressource minière;politique;alternative au développement;dégradation environnementale;alternative au développement;pollution;dégradation environnementale
236;essor technologique;ressource minière;foncier
237;dégradation environnementale;amélioration environnementale;pollution;dégradation environnementale;nickel;travail
238;avenir sans nickel;échange commercial;ressource minière
239;essor technologique;avenir sans nickel;dégradation environnementale;pollution;économie
240;dégradation environnementale;dégradation environnementale
241;ressource minière;économie;secteur nickel
242;ressource minière;relation politique;ressource minière;avenir avec nickel
243;nature;dégradation environnementale;politique;travail;amélioration environnementale
244;nouvelle-calédonie;ressource minière;travail;dégradation environnementale;dégradation environnementale;économie
245;politique;politique;politique;pollution;dégradation environnementale
246;dégradation environnementale;pollution;avenir sans nickel;alternative au développement;avenir sans nickel
247;pollution;nickel;avenir sans nickel;alternative au développement
248;pollution;nickel;nickel
249;essor technologique;exploitation minière;société néo-calédonienne;alternative au développement;matériel;essor technologique;ressource minière;matériel;essor technologique;essor technologique;relation politique
250;ressource minière;dégradation environnementale;dégradation environnementale;travail;essor technologique
251;amélioration environnementale;alternative au développement;secteur nickel;avenir avec nickel
252;pollution;alternative au développement;économie
253;non classé;dégradation environnementale;pollution;relation politique;secteur nickel
254;ressource minière;essor technologique;nouvelle-calédonie;industrie;industrie;économie;avenir avec nickel;amélioration environnementale;ressource minière
255;pollution;politique;dégradation environnementale;dégradation environnementale;dégradation environnementale;avenir sans nickel
256;secteur nickel;amélioration environnementale
257;dégradation environnementale;secteur nickel;secteur nickel;nickel
258;politique;essor technologique;ressource minière;pollution;travail;secteur nickel;avenir avec nickel;relation politique;société néo-calédonienne;échange commercial;politique;économie;économie;économie
259;politique;économie;politique;ressource minière;politique
260;dégradation environnementale;essor technologique
261;avenir sans nickel;économie
262;essor technologique;ressource minière
263;essor technologique
264;ressource minière;dégradation environnementale;politique
265;essor technologique;ressource minière;ressource minière;alternative au développement;amélioration environnementale;alternative au développement;alternative au développement;alternative au développement;secteur nickel;économie;amélioration environnementale;pollution;secteur nickel;travail;secteur nickel;avenir sans nickel;ressource minière;essor technologique
266;avenir avec nickel;ressource minière
267;nickel;travail;dégradation environnementale;amélioration environnementale;économie;nickel
268;pollution;dégradation environnementale;travail
269;matériel;pollution;ressource minière
270;essor technologique;amélioration environnementale;avenir avec nickel;avenir avec nickel;essor technologique;nature;alternative au développement;essor technologique
271;essor technologique;ressource minière;dégradation environnementale
272;avenir sans nickel;avenir sans nickel;société néo-calédonienne
273;ressource minière;ressource minière;ressource minière;avenir sans nickel
274;essor technologique;essor technologique;avenir avec nickel;nickel;secteur nickel;pollution;dégradation environnementale;économie
275;essor technologique;travail;matériel;secteur nickel;dégradation environnementale;dégradation environnementale;secteur nickel;échange commercial;exploitation minière;politique
276;essor technologique;essor technologique;risque;secteur nickel;société néo-calédonienne;essor technologique
277;ressource minière;dégradation environnementale;avenir sans nickel;société néo-calédonienne;travail;travail
278;société néo-calédonienne;économie;pollution;alternative au développement;nickel;amélioration environnementale;avenir sans nickel;exploitation minière;foncier;secteur nickel;société néo-calédonienne
279;société néo-calédonienne;foncier;essor technologique;nature;nature;pollution
280;essor technologique;essor technologique;essor technologique;pollution;avenir sans nickel;travail;dégradation environnementale
281;exploitation minière
282;avenir avec nickel
283;dégradation environnementale;ressource minière;avenir sans nickel;avenir sans nickel
284;dégradation environnementale;avenir sans nickel;ressource minière;secteur nickel
285;dégradation environnementale;pollution;dégradation environnementale;nature;travail;dégradation environnementale;dégradation environnementale
286;avenir sans nickel;dégradation environnementale;travail
287;avenir sans nickel
288;relation politique;travail;secteur nickel;pollution;économie
289;pollution;dégradation environnementale;société néo-calédonienne;économie;secteur nickel
290;avenir avec nickel;industrie;alternative au développement
291;société néo-calédonienne;nouvelle-calédonie;société néo-calédonienne;économie;politique;ressource minière;économie
292;secteur nickel;amélioration environnementale;société néo-calédonienne;pollution;alternative au développement;exploitation minière
293;travail;économie;alternative au développement;nickel;dégradation environnementale;secteur nickel;pollution;avenir sans nickel;amélioration environnementale;ressource minière;essor technologique
294;ressource minière
295;pollution
296;avenir sans nickel;ressource minière
297;ressource minière;secteur nickel;travail;nickel;amélioration environnementale;échange commercial
298;pollution
299;travail;alternative au développement;ressource minière;dégradation environnementale;ressource minière
300;alternative au développement;alternative au développement;pollution;travail;nickel;dégradation environnementale;amélioration environnementale;pollution
301;amélioration environnementale;secteur nickel;économie;alternative au développement;amélioration environnementale;alternative au développement
302;dégradation environnementale;pollution;nouvelle-calédonie;ressource minière;avenir sans nickel
303;alternative au développement;alternative au développement;secteur nickel;ressource minière;dégradation environnementale;économie;avenir sans nickel
304;économie;pollution;alternative au développement;alternative au développement;travail;ressource minière;secteur nickel;secteur nickel
305;dégradation environnementale;pollution;secteur nickel;nickel;politique;essor technologique;alternative au développement;économie;travail;politique
306;dégradation environnementale;pollution;alternative au développement;économie
307;dégradation environnementale
308;nouvelle-calédonie;dégradation environnementale
309;travail;économie;dégradation environnementale;pollution
310;alternative au développement;alternative au développement;économie;dégradation environnementale;amélioration environnementale;nature;avenir sans nickel
311;pollution;avenir sans nickel;amélioration environnementale
312;nature;nature;nature;nouvelle-calédonie;nouvelle-calédonie;amélioration environnementale;secteur nickel
313;amélioration environnementale;travail
314;secteur nickel
315;secteur nickel
316;avenir sans nickel;pollution
317;pollution;avenir sans nickel;risque;économie;relation politique;politique
318;exploitation minière;alternative au développement;matériel;avenir avec nickel;industrie;exploitation minière;alternative au développement;secteur nickel;amélioration environnementale;essor technologique
319;amélioration environnementale;dégradation environnementale;politique;ressource minière
320;secteur nickel;alternative au développement;ressource minière;exploitation minière;alternative au développement;pollution;alternative au développement
321;amélioration environnementale;alternative au développement
322;alternative au développement;alternative au développement;travail
323;économie;dégradation environnementale;dégradation environnementale;travail;nature
324;avenir avec nickel;économie;matériel;avenir sans nickel
325;pollution;économie;ressource minière;avenir sans nickel
326;avenir sans nickel
327;alternative au développement;pollution;politique;exploitation minière;ressource minière
328;pollution;ressource minière;pollution;alternative au développement;dégradation environnementale
329;avenir sans nickel;secteur nickel;essor technologique;essor technologique;pollution;dégradation environnementale;pollution;nature;pollution
330;société néo-calédonienne;pollution;nature;politique;politique
331;avenir sans nickel;alternative au développement;travail;avenir avec nickel;amélioration environnementale;amélioration environnementale;avenir avec nickel;alternative au développement
332;nouvelle-calédonie;exploitation minière;secteur nickel
333;avenir sans nickel;travail;nature
334;avenir sans nickel;politique;travail;travail;alternative au développement;économie
335;avenir sans nickel;alternative au développement;essor technologique;économie;pollution;politique;société néo-calédonienne;foncier;secteur nickel;secteur nickel
336;dégradation environnementale;pollution;ressource minière;travail;politique
337;nature;foncier;essor technologique;essor technologique;dégradation environnementale;alternative au développement;nature;ressource minière;nature
338;politique;ressource minière;pollution;société néo-calédonienne;nickel;société néo-calédonienne;secteur nickel
339;politique;société néo-calédonienne;alternative au développement
340;essor technologique;dégradation environnementale;économie;politique
341;pollution;société néo-calédonienne;dégradation environnementale;pollution;exploitation minière;avenir sans nickel;secteur nickel;économie
342;dégradation environnementale;économie;politique;politique;relation politique;relation politique
343;nickel;alternative au développement;nature;exploitation minière;dégradation environnementale;politique;politique;société néo-calédonienne;nouvelle-calédonie;nouvelle-calédonie
344;pollution;exploitation minière;ressource minière;amélioration environnementale;travail
345;dégradation environnementale;relation politique;pollution;nature;économie;nickel
346;dégradation environnementale;amélioration environnementale;ressource minière;secteur nickel;amélioration environnementale;alternative au développement;foncier
347;amélioration environnementale;alternative au développement;alternative au développement
348;pollution;politique;dégradation environnementale;économie;société néo-calédonienne
349;essor technologique;nickel;secteur nickel;nature;alternative au développement
350;essor technologique;dégradation environnementale;ressource minière
351;matériel;matériel;travail;essor technologique;nickel;exploitation minière;ressource minière;ressource minière
352;amélioration environnementale
353;politique;avenir sans nickel;économie;ressource minière;société néo-calédonienne
354;alternative au développement;essor technologique;avenir avec nickel;amélioration environnementale;risque
355;ressource minière;nouvelle-calédonie;dégradation environnementale;exploitation minière;société néo-calédonienne;matériel
356;avenir sans nickel;alternative au développement;économie;travail;dégradation environnementale;avenir sans nickel;société néo-calédonienne;société néo-calédonienne;travail;industrie;secteur nickel;secteur nickel;travail;dégradation environnementale;pollution;pollution;alternative au développement
357;travail;économie;travail;travail;matériel;dégradation environnementale;dégradation environnementale;pollution;économie;économie
358;avenir sans nickel;avenir sans nickel;industrie;avenir sans nickel;politique;ressource minière;politique;pollution
359;pollution;dégradation environnementale
360;pollution;dégradation environnementale;nickel;échange commercial;nouvelle-calédonie;nickel
361;dégradation environnementale;pollution;relation politique;travail
362;avenir avec nickel;politique;politique
363;avenir sans nickel;amélioration environnementale;avenir avec nickel
364;politique;secteur nickel;relation politique;politique;foncier
365;avenir avec nickel;relation politique;échange commercial;travail;amélioration environnementale;amélioration environnementale;essor technologique;alternative au développement
366;dégradation environnementale;avenir sans nickel
367;relation politique;avenir avec nickel;amélioration environnementale;politique;secteur nickel;alternative au développement;avenir avec nickel;travail
368;nature;économie;dégradation environnementale
369;avenir avec nickel;travail;essor technologique;essor technologique;politique;travail;pollution;nature;exploitation minière;société néo-calédonienne;travail;dégradation environnementale
370;économie;pollution;dégradation environnementale;alternative au développement;nature;avenir sans nickel;relation politique;économie
371;avenir sans nickel;matériel;ressource minière;pollution;économie;alternative au développement
372;pollution;nature;matériel;secteur nickel;société néo-calédonienne;société néo-calédonienne;société néo-calédonienne;travail;travail
373;industrie;dégradation environnementale;avenir sans nickel;politique;pollution;dégradation environnementale;dégradation environnementale;nature;pollution;nature;nature;nature;nature;nature;société néo-calédonienne;société néo-calédonienne;avenir sans nickel;avenir sans nickel
374;travail;pollution;avenir sans nickel;pollution;société néo-calédonienne;société néo-calédonienne
375;amélioration environnementale;risque;avenir avec nickel;essor technologique
376;dégradation environnementale;amélioration environnementale;société néo-calédonienne;société néo-calédonienne
377;économie;secteur nickel
378;avenir sans nickel;dégradation environnementale;alternative au développement
379;politique;ressource minière;avenir sans nickel;secteur nickel;échange commercial;essor technologique;alternative au développement
380;alternative au développement;alternative au développement;ressource minière;avenir sans nickel;amélioration environnementale;économie;politique
381;nature;alternative au développement;nature;économie;nouvelle-calédonie
382;avenir sans nickel;nouvelle-calédonie;travail
383;pollution;avenir sans nickel;travail;économie;nouvelle-calédonie;politique
384;matériel
385;relation politique;ressource minière;avenir sans nickel;secteur nickel;politique
386;ressource minière;travail;essor technologique;ressource minière;exploitation minière;dégradation environnementale;industrie
387;ressource minière;alternative au développement;amélioration environnementale
388;pollution;alternative au développement;pollution
389;matériel;dégradation environnementale;matériel;dégradation environnementale
390;avenir sans nickel;avenir sans nickel;risque;alternative au développement;politique;dégradation environnementale;non classé;avenir sans nickel;ressource minière
391;pollution;nickel;avenir sans nickel;économie;alternative au développement;avenir sans nickel;politique;avenir sans nickel;secteur nickel;travail;pollution;relation politique;secteur nickel;économie;amélioration environnementale;dégradation environnementale;nature;secteur nickel
392;travail;dégradation environnementale;ressource minière
393;travail;avenir sans nickel;dégradation environnementale;secteur nickel;pollution;pollution;essor technologique;pollution
394;travail;économie;société néo-calédonienne;économie;alternative au développement;société néo-calédonienne;foncier;économie;pollution
395;avenir sans nickel;ressource minière;dégradation environnementale
396;essor technologique;nouvelle-calédonie;pollution;pollution
397;économie;travail;politique;politique;échange commercial;nouvelle-calédonie
398;politique;nickel;société néo-calédonienne;pollution;industrie;pollution;pollution;risque;risque;nature;risque;politique;politique;avenir sans nickel;société néo-calédonienne;avenir sans nickel;travail
399;essor technologique;dégradation environnementale;avenir avec nickel
400;alternative au développement;foncier;avenir avec nickel;essor technologique;nouvelle-calédonie
401;dégradation environnementale;dégradation environnementale;nouvelle-calédonie;pollution
402;secteur nickel;nickel;amélioration environnementale;essor technologique
403;alternative au développement;industrie;économie;dégradation environnementale;avenir avec nickel
404;dégradation environnementale;économie;avenir avec nickel;alternative au développement;dégradation environnementale
405;pollution;économie;économie;avenir avec nickel;nouvelle-calédonie
406;avenir sans nickel;dégradation environnementale;pollution;politique;politique
407;ressource minière;économie;dégradation environnementale
408;alternative au développement;essor technologique;économie
409;ressource minière;économie
410;ressource minière;nature;avenir avec nickel
411;avenir avec nickel;alternative au développement;secteur nickel
412;amélioration environnementale
413;essor technologique
414;avenir sans nickel;avenir sans nickel;secteur nickel
