1;fin;usine;emploi;exploitation;politique
2;secteur indispensable;secteur indispensable;procédé industriel;enjeu;relation internationale;exploitation raisonnée;politique;travail difficile
4;fin;après-nickel;pollution;secteur nickel;épuisement de la ressource;politique
5;montagne;biodiversité;impact environnemental;justice sociale;croissance minière
6;exploitation;coutume;secteur indispensable;conflit;développement alternatif;inégalité
7;fin;nickel;milieu;emploi
8;impact environnemental;vision positive de la ressource;avenir;pollution;nouvelle-calédonie;avenir
9;pollution;impact environnemental;balance positive-négative
10;après-nickel;incertitude;fin
11;impact environnemental;milieu;industrie
12;montagne;pollution;après-nickel;développement
13;incertitude
14;pollution;relation internationale;économie du pays;politique
15;indépendance;sous-traitance;conflit
16;pollution;biodiversité
17;amélioration environnementale;passé;développement culturel
19;localité;maintien de l’exploitation;impact environnemental;vision positive de la ressource;milieu;balance positive-négative
20;revenu;pollution
21;maintien de l’exploitation;fin;développement alternatif;pollution;emploi;famille
22;après-nickel;épuisement de la ressource;fin;famille;développement;développement;nouvelle-calédonie
23;impact environnemental;économie du pays;maintien de l’exploitation;déclin
24;pollution;famille
25;impact environnemental;pollution;emploi
26;épuisement de la ressource;économie du pays;développement durable;nickel;vision positive de la ressource
27;épuisement de la ressource;milieu
28;maintien de l’exploitation;conflit;pollution
29;innovation;vision positive de la ressource;épuisement de la ressource;développement;vision positive de la ressource;économie du pays
30;incertitude;relation internationale;économie du pays;crise;développement alternatif;vision positive de la ressource;montagne;fin;impact environnemental
31;incertitude;croissance minière;revenu;développement alternatif;pollution;après-nickel;famille;emploi;innovation
32;nouvelle-calédonie;développement;revenu;développement;politique;amélioration environnementale;impact environnemental
33;épuisement de la ressource;épuisement de la ressource;développement;impact environnemental;montagne;milieu
34;pollution;impact environnemental;nuisance;croissance minière;économie du pays;justice sociale;développement culturel;coutume;développement
35;développement;richesse;indépendance;impact environnemental;innovation
36;déclin;pollution;emploi;coutume;indépendance
37;économie du pays;richesse;usine;développement;développement durable;procédé industriel;production;exploitation raisonnée
38;développement minier alternatif;vision positive de la ressource;impact environnemental;conflit
39;développement durable;développement alternatif;opérateur minier;développement durable
41;amélioration environnementale
42;maintien de l’exploitation;pollution;incertitude
43;exploitation;déclin;croissance minière;impact environnemental;incertitude;sentiment négatif;pollution;changement climatique;milieu
44;fin;incertitude;impact environnemental;pollution;montagne
46;maintien de l’exploitation;incertitude;montagne
47;avenir;sentiment négatif;famille;famille;développement culturel;emploi;famille
48
49;fin;vision positive de la ressource;entreprise;relation internationale;main d’oeuvre;social
50;crise;justice sociale
51;sentiment positif;changement climatique;famille;terre
52;conflit
53
54;vision positive de la ressource;fin;structure
55;sentiment négatif;sentiment négatif;coutume;représentation opérateur;coutume;crise;richesse;relation france;fin;impact environnemental
56;revenu;conflit;développement;impact environnemental;production;richesse;sentiment négatif;impact environnemental
57;fin;maintien de l’exploitation;développement;économie du pays;procédé industriel;pollution
58;impact environnemental;amélioration environnementale;investissement;famille
59;description minière
60;incertitude;amélioration environnementale;fin
61;déclin;économie du pays;développement
62;impact environnemental;épuisement de la ressource;emploi;production énergétique
63;montagne;puissance étrangère
65;maintien de l’exploitation;développement
67;procédé industriel;économie du pays;vision positive de la ressource;déclin;relation internationale;indépendance
68;crise;secteur indispensable;pollution;secteur indispensable;politique;emploi
69;crise;exploitation raisonnée;innovation;amélioration environnementale;développement;opérateur minier
70;indépendance;économie du pays;social;puissance étrangère;vision positive de la ressource
71;procédé industriel;impact environnemental;impact environnemental
72;maintien de l’exploitation;amélioration environnementale;incertitude
73;fin;avenir;fiscalité
74;maintien de l’exploitation;épuisement de la ressource
76;économie du pays;nouvelle-calédonie;commerce
77;développement;impact environnemental
81;sentiment négatif;développement;épuisement de la ressource;économie du pays;développement alternatif;pollution;fin
82;pollution;emploi;sécurité;incertitude;exploitation raisonnée
83;impact environnemental;épuisement de la ressource;fiscalité;emploi;développement alternatif;amélioration environnementale;maintien de l’exploitation
84;enjeu;exploitation;outillage;amélioration environnementale;exploitation;ressource non-renouvelable;procédé industriel;développement durable;développement durable;nouvelle-calédonie;développement durable
85;biodiversité;amélioration environnementale;inégalité;conflit
86;investissement;procédé industriel;vision positive de la ressource;nickel;emploi;famille;social;indépendance;dérive politique
87;innovation
88;amélioration environnementale;exploitation raisonnée;impact environnemental
89;exploitation raisonnée;vision positive de la ressource;montagne
90;revenu;amélioration environnementale
91;danger;enjeu;conflit;développement;impact environnemental;crise;croissance minière;impact environnemental;épuisement de la ressource;conflit;production;fin;enjeu
92;impact environnemental;transition;innovation;développement;transition;formation;développement;déclin;pollution;pollution;impact environnemental;épuisement de la ressource;vision positive de la ressource
93;impact environnemental;machine;main d’oeuvre;conflit;développement durable;pollution;innovation
94;avenir;fin;maintien de l’exploitation;commerce;croissance minière;déclin;innovation;croissance minière;impact environnemental;revalorisation de la ressource;calédonien
95;exploitation;industrie;impact environnemental;épuisement de la ressource;économie du pays;investissement;conflit;métallurgie;métallurgie;danger;développement
96;santé;exploitation;danger;pollution;impact environnemental;sentiment positif;ressource non-renouvelable;ressource non-renouvelable;amélioration environnementale;secteur nickel;santé;emploi;machine;emploi
97;revalorisation de la ressource;développement durable;vision positive de la ressource;pollution;impact environnemental;automatisation;emploi;économie du pays;amélioration environnementale
98;épuisement de la ressource;impact environnemental;impact environnemental;conflit;enjeu;économie du pays;relation internationale
99;pollution;fin;croissance minière;développement;changement climatique;innovation;développement durable
100;épuisement de la ressource;pollution;innovation;développement;commerce
101;épuisement de la ressource;pollution;vision positive de la ressource;entreprise;minerai;économie du pays;montagne
102;fin;emploi;vision positive de la ressource
103;justice sociale;minerai;métallurgie;métallurgie;minerai;minerai;commerce;production;production;développement alternatif;amélioration environnementale;amélioration environnementale;développement durable
104;politique;indépendance;exploitation;usine;économie du pays;nouvelle-calédonie;nouvelle-calédonie;crise;vision positive de la ressource;amélioration environnementale
105;vision positive de la ressource;développement;richesse;pollution;inégalité;vision négative de la ressource;nuisance;pollution;nuisance
106;maintien de l’exploitation;politique;exploitation;sécurité;calédonien;richesse;relation internationale;maintien de l’exploitation
107;impact environnemental;économie du pays;commerce;vision positive de la ressource
108;fin;déclin
109;montagne;vision positive de la ressource
110;prospection minière;épuisement de la ressource;pollution;innovation
111;automatisation;amélioration environnementale;changement climatique;amélioration environnementale;biodiversité;condition de travail;fin
112
113;déclin
114;fin
115;emploi;automatisation;développement durable;innovation;développement minier alternatif
116;développement minier alternatif;développement minier alternatif;automatisation
117;amélioration environnementale;amélioration environnementale;croissance minière
118;amélioration environnementale;impact environnemental;automatisation;nouvelle-calédonie;vision positive de la ressource
119;déclin
120;épuisement de la ressource;conflit
121;nouvelle-calédonie;production
122;maintien de l’exploitation;impact environnemental;automatisation
123;impact environnemental;développement
124;épuisement de la ressource;vision positive de la ressource;pollution;emploi;usine
125;nickel;croissance minière;revenu;impact environnemental;après-nickel;impact environnemental
126;vision positive de la ressource;description minière;vision négative de la ressource;revalorisation de la ressource;fin;conflit
127;épuisement de la ressource;richesse;impact environnemental;inégalité;développement;pollution
128;danger;investissement;conflit;emploi;impact environnemental;pollution;impact environnemental
129;développement;conflit;emploi;développement alternatif
130;pollution;relation internationale
131;incertitude;emploi;emploi;conflit
132;fin;transition;amélioration environnementale;déclin;développement minier alternatif;industrie;automatisation
133;fiscalité;calédonien;conflit;site minier;industrie;économie du pays;développement;exploitation;commerce
134;fin;inégalité;fin;pollution;emploi;déclin;transition
135;innovation;innovation;automatisation;richesse
136;secteur nickel;pollution
137;emploi;innovation;développement durable
138
139;épuisement de la ressource;conflit
140;croissance minière;procédé industriel;montagne;santé;indépendance;puissance étrangère
141;innovation;vision positive de la ressource;main d’oeuvre;nuisance;emploi;impact environnemental
142;emploi;sécurité;emploi;croissance minière;économie du pays;transition;condition de travail
143;développement;fiscalité;croissance minière;investissement;impact environnemental;impact environnemental
144;revenu
145;automatisation;pollution;revenu
146;pollution;biodiversité;biodiversité;montagne;montagne;développement
147;amélioration environnementale;pollution;coutume;richesse;calédonien;milieu;relation france;conflit;sécurité
148;emploi;exploitation raisonnée;secteur nickel;conflit
149;épuisement de la ressource;fin;amélioration environnementale;maintien de l’exploitation;emploi;pollution;amélioration environnementale;amélioration environnementale
150;pollution
151;innovation;impact environnemental;pollution
152
153;maintien de l’exploitation;fin;fin;déclin;pollution;impact environnemental;milieu;impact environnemental;danger;fin
154;pollution;innovation;formation;relation internationale;emploi;relation internationale
155;maintien de l’exploitation;fin;vision négative de la ressource;impact environnemental
156;amélioration environnementale;procédé industriel;revalorisation de la ressource;procédé industriel
157;développement;indépendance;procédé industriel;main d’oeuvre;innovation
158;description minière;automatisation;maintien de l’exploitation;vision positive de la ressource;épuisement de la ressource;prospection minière;minerai
159;exploitation;procédé industriel;commerce;commerce;secteur indispensable;opérateur minier;emploi;automatisation;impact environnemental
160;automatisation;indépendance;automatisation;économie du pays;emploi;inégalité
161;montagne;emploi;pollution;nickel;structure
162;amélioration environnementale;impact environnemental;emploi;santé;économie du pays;exploitation raisonnée;coutume
163;minerai;impact environnemental;sentiment négatif
164;amélioration environnementale;coutume;développement durable
165;amélioration environnementale;emploi;épuisement de la ressource;développement durable
166;maintien de l’exploitation;nickel;amélioration environnementale;milieu
167;épuisement de la ressource;déclin;développement
168;amélioration environnementale;croissance minière
169;amélioration environnementale;innovation;amélioration environnementale
170;impact environnemental;conflit;impact environnemental;emploi;emploi;développement;emploi;amélioration environnementale
171;vision négative de la ressource
172;impact environnemental;automatisation;vision négative de la ressource
173;commerce;impact environnemental
174;impact environnemental;économie du pays;impact environnemental;impact environnemental;secteur indispensable
175;politique;amélioration environnementale;pollution;sentiment négatif;sentiment négatif
176;crise;déclin;crise;impact environnemental;conflit
177;impact environnemental;amélioration environnementale
178;conflit;innovation;impact environnemental;relation internationale;vision positive de la ressource;développement durable
179;pollution;épuisement de la ressource
180;commerce;richesse;impact environnemental;puissance étrangère
181;développement durable;enjeu;vision négative de la ressource;indépendance;main d’oeuvre;machine
182;économie du pays;impact environnemental;emploi;richesse
183;épuisement de la ressource;impact environnemental;impact environnemental
184;investissement;prospection minière;innovation;développement durable
185;opérateur minier;opérateur minier;opérateur minier;relation internationale
186;vision positive de la ressource;coutume;économie du pays;justice sociale
187;épuisement de la ressource;pollution
188;épuisement de la ressource
189;déclin;conflit;développement;relation internationale;transition;impact environnemental
190;indépendance;relation internationale;commerce;commerce
191;économie du pays;impact environnemental;emploi
192;vision négative de la ressource;impact environnemental
193;exploitation;vision positive de la ressource
194;épuisement de la ressource;économie du pays;pollution
195;conflit;épuisement de la ressource;déclin;prospection minière;innovation;représentation opérateur
196;fin
197;développement;main d’oeuvre;innovation;prospection minière
198;automatisation;innovation;machine
199;fin;dérive politique;incertitude;vision négative de la ressource
200;innovation;condition de travail;exploitation raisonnée
201;automatisation;pollution;richesse
202;représentation opérateur;conflit
203;pollution;emploi;foncier;exploitation;économie du pays;terre;vision positive de la ressource
204;fin;vision négative de la ressource
205;impact environnemental;maintien de l’exploitation;procédé industriel;impact environnemental;pollution
206;fin;déclin;secteur nickel
207;avenir;relation internationale
208;amélioration environnementale;pollution;emploi;vision positive de la ressource;sécurité;travail difficile
209;impact environnemental;économie du pays;conflit;main d’oeuvre;sentiment positif;santé
210;développement;structure;site minier;impact environnemental
211;pollution;emploi;économie du pays;emploi;formation;enjeu;production;santé;politique;minerai;métallurgie;minerai;impact environnemental;famille;développement durable;milieu;sentiment positif
212;vision positive de la ressource;minerai;exploitation;milieu;automatisation;emploi
213;foncier;foncier;représentation opérateur;procédé industriel;après-nickel;développement alternatif;formation;étude;étude;revalorisation de la ressource;développement
214;emploi;métallurgie;avenir;croissance minière;procédé industriel;production;pollution;économie du pays;formation
215;maintien de l’exploitation;avenir;richesse;amélioration environnementale;secteur nickel;développement
216;fin;développement alternatif;justice sociale
217;production;impact environnemental;richesse;enjeu;production;politique;avenir;relation france
218;fin;innovation;investissement;relation internationale;développement durable;développement alternatif;richesse;justice sociale;emploi;indépendance;développement alternatif;justice sociale;formation;développement durable;politique
219;impact environnemental;pollution;économie du pays;innovation
220;amélioration environnementale;formation;emploi;richesse;famille;production;usine;conflit;maintien de l’exploitation;étude
221;automatisation
222
223;épuisement de la ressource;pollution
224;pollution;montagne;emploi
225;impact environnemental;emploi;formation;exploitation;prospection minière;amélioration environnementale;structure
226;vision positive de la ressource;maintien de l’exploitation
227;relation internationale;commerce;économie du pays;richesse;développement;investissement
228;développement;avenir;condition de travail;développement culturel
229;amélioration environnementale;main d’oeuvre;conflit;conflit;pollution;épuisement de la ressource
230;usine;après-nickel;vision négative de la ressource;entreprise;relation internationale;puissance étrangère;investissement;impact environnemental
231;exploitation raisonnée;milieu;amélioration environnementale;emploi;économie du pays
232;impact environnemental;impact environnemental;main d’oeuvre;revenu;sentiment négatif;famille;emploi
233;fin;développement durable;amélioration environnementale;emploi;formation;formation;développement durable;procédé industriel;amélioration environnementale;foncier
234;après-nickel;amélioration environnementale;étude;sécurité
235;vision positive de la ressource;économie du pays;transition;indépendance;épuisement de la ressource;conflit;développement;impact environnemental;développement durable;pollution;impact environnemental
236;innovation;épuisement de la ressource;foncier
237;impact environnemental;amélioration environnementale;pollution;impact environnemental;richesse;emploi
238;déclin;commerce;épuisement de la ressource
239;innovation;fin;impact environnemental;pollution;économie du pays
240;changement climatique;changement climatique
241;vision négative de la ressource;revenu;secteur indispensable
242;épuisement de la ressource;relation internationale;vision négative de la ressource;croissance minière
243;milieu;montagne;conflit;emploi;amélioration environnementale
244;indépendance;revalorisation de la ressource;emploi;transition;transition;économie du pays
245;conflit;crise;crise;pollution;montagne
246;montagne;pollution;déclin;développement durable;après-nickel
247;pollution;nickel;fin;développement durable
248;pollution;nickel;nickel
249;innovation;exploitation;bien de consommation;développement durable;engin;automatisation;vision positive de la ressource;engin;innovation;innovation;relation internationale
250;épuisement de la ressource;impact environnemental;impact environnemental;emploi;innovation
251;amélioration environnementale;développement durable;production;exploitation raisonnée
252;pollution;développement alternatif;économie du pays
253;non classé;impact environnemental;pollution;relation internationale;représentation opérateur
254;revalorisation de la ressource;innovation;indépendance;usine;industrie;économie du pays;croissance minière;amélioration environnementale;prospection minière
255;pollution;conflit;impact environnemental;impact environnemental;impact environnemental;avenir
256;production;amélioration environnementale
257;montagne;formation;production;richesse
258;crise;innovation;épuisement de la ressource;pollution;emploi;opérateur minier;croissance minière;puissance étrangère;social;commerce;conflit;revenu;fiscalité;revenu
259;conflit;économie du pays;conflit;épuisement de la ressource;dérive politique
260;impact environnemental;innovation
261;fin;économie du pays
262;automatisation;épuisement de la ressource
263;innovation
264;épuisement de la ressource;impact environnemental;crise
265;innovation;revalorisation de la ressource;vision positive de la ressource;développement alternatif;amélioration environnementale;développement culturel;développement culturel;développement culturel;procédé industriel;fiscalité;amélioration environnementale;pollution;procédé industriel;emploi;formation;après-nickel;prospection minière;étude
266;exploitation raisonnée;épuisement de la ressource
267;nickel;emploi;montagne;amélioration environnementale;économie du pays;richesse
268;pollution;impact environnemental;emploi
269;engin;pollution;épuisement de la ressource
270;innovation;amélioration environnementale;croissance minière;maintien de l’exploitation;innovation;milieu;développement durable;innovation
271;automatisation;vision positive de la ressource;impact environnemental
272;fin;fin;sentiment négatif
273;vision positive de la ressource;vision négative de la ressource;revalorisation de la ressource;avenir
274;automatisation;innovation;croissance minière;minerai;production;pollution;impact environnemental;revenu
275;innovation;main d’oeuvre;machine;procédé industriel;montagne;impact environnemental;production;commerce;exploitation;conflit
276;innovation;innovation;danger;secteur indispensable;sentiment négatif;innovation
277;vision négative de la ressource;impact environnemental;fin;sentiment négatif;main d’oeuvre;main d’oeuvre
278;bien de consommation;économie du pays;pollution;développement;nickel;amélioration environnementale;avenir;exploitation;foncier;secteur indispensable;bien de consommation
279;sentiment positif;foncier;automatisation;milieu;milieu;pollution
280;innovation;automatisation;automatisation;pollution;avenir;main d’oeuvre;impact environnemental
281;exploitation
282;maintien de l’exploitation
283;impact environnemental;épuisement de la ressource;fin;fin
284;montagne;fin;épuisement de la ressource;opérateur minier
285;impact environnemental;pollution;impact environnemental;terre;main d’oeuvre;transition;changement climatique
286;fin;impact environnemental;emploi
287;fin
288;puissance étrangère;emploi;formation;pollution;économie du pays
289;pollution;impact environnemental;justice sociale;économie du pays;production
290;exploitation raisonnée;industrie;développement durable
291;inégalité;indépendance;bien de consommation;revenu;conflit;épuisement de la ressource;économie du pays
292;procédé industriel;amélioration environnementale;justice sociale;pollution;développement durable;ressource non-renouvelable
293;emploi;économie du pays;développement;richesse;impact environnemental;procédé industriel;pollution;avenir;amélioration environnementale;épuisement de la ressource;innovation
294;vision positive de la ressource
295;pollution
296;fin;épuisement de la ressource
297;vision négative de la ressource;sous-traitance;emploi;minerai;amélioration environnementale;commerce
298;pollution
299;emploi;développement durable;épuisement de la ressource;impact environnemental;prospection minière
300;développement;développement durable;pollution;emploi;richesse;impact environnemental;amélioration environnementale;pollution
301;amélioration environnementale;secteur nickel;économie du pays;développement;amélioration environnementale;développement durable
302;impact environnemental;pollution;indépendance;épuisement de la ressource;fin
303;développement durable;développement;procédé industriel;épuisement de la ressource;impact environnemental;économie du pays;avenir
304;économie du pays;pollution;développement;développement durable;emploi;vision positive de la ressource;procédé industriel;production
305;impact environnemental;pollution;procédé industriel;nickel;production énergétique;innovation;développement;économie du pays;emploi;politique
306;impact environnemental;pollution;développement;revenu
307;impact environnemental
308;coutume;impact environnemental
309;emploi;revenu;impact environnemental;pollution
310;développement durable;développement durable;fiscalité;impact environnemental;amélioration environnementale;milieu;avenir
311;pollution;déclin;amélioration environnementale
312;biodiversité;biodiversité;biodiversité;coutume;coutume;amélioration environnementale;procédé industriel
313;amélioration environnementale;emploi
314;secteur nickel
315;secteur nickel
316;après-nickel;pollution
317;pollution;fin;danger;économie du pays;relation france;conflit
318;exploitation;développement durable;engin;exploitation raisonnée;usine;ressource non-renouvelable;développement durable;sous-traitance;amélioration environnementale;innovation
319;amélioration environnementale;impact environnemental;conflit;épuisement de la ressource
320;secteur nickel;développement;épuisement de la ressource;exploitation;développement alternatif;pollution;développement durable
321;amélioration environnementale;développement durable
322;développement durable;développement durable;emploi
323;économie du pays;impact environnemental;changement climatique;emploi;biodiversité
324;exploitation raisonnée;revenu;engin;déclin
325;pollution;économie du pays;épuisement de la ressource;avenir
326;incertitude
327;développement;pollution;dérive politique;exploitation;vision positive de la ressource
328;pollution;épuisement de la ressource;santé;développement culturel;impact environnemental
329;avenir;secteur indispensable;innovation;automatisation;pollution;changement climatique;santé;biodiversité;pollution
330;justice sociale;pollution;biodiversité;dérive politique;conflit
331;fin;développement durable;condition de travail;maintien de l’exploitation;amélioration environnementale;amélioration environnementale;exploitation raisonnée;développement
332;coutume;exploitation;représentation opérateur
333;fin;emploi;terre
334;fin;production énergétique;emploi;emploi;développement alternatif;économie du pays
335;fin;développement;innovation;revenu;pollution;production énergétique;famille;structure;production;production
336;changement climatique;pollution;épuisement de la ressource;emploi;crise
337;milieu;structure;innovation;innovation;montagne;développement alternatif;milieu;vision positive de la ressource;milieu
338;crise;épuisement de la ressource;pollution;inégalité;richesse;bien de consommation;sous-traitance
339;crise;inégalité;développement culturel
340;innovation;montagne;revenu;crise
341;pollution;inégalité;impact environnemental;nuisance;exploitation;fin;secteur nickel;économie du pays
342;impact environnemental;économie du pays;conflit;politique;relation internationale;relation internationale
343;richesse;développement;terre;ressource non-renouvelable;impact environnemental;conflit;conflit;inégalité;indépendance;indépendance
344;pollution;exploitation;épuisement de la ressource;amélioration environnementale;emploi
345;impact environnemental;relation france;pollution;milieu;revenu;nickel
346;impact environnemental;amélioration environnementale;revalorisation de la ressource;formation;amélioration environnementale;développement;structure
347;amélioration environnementale;développement;développement durable
348;pollution;conflit;impact environnemental;économie du pays;inégalité
349;innovation;richesse;secteur indispensable;biodiversité;développement durable
350;automatisation;impact environnemental;épuisement de la ressource
351;machine;machine;main d’oeuvre;innovation;minerai;exploitation;prospection minière;vision positive de la ressource
352;amélioration environnementale
353;crise;fin;économie du pays;épuisement de la ressource;inégalité
354;développement;innovation;croissance minière;amélioration environnementale;sécurité
355;vision négative de la ressource;coutume;impact environnemental;exploitation;bien de consommation;outillage
356;avenir;développement;investissement;emploi;impact environnemental;fin;bien de consommation;famille;condition de travail;description minière;formation;représentation opérateur;condition de travail;montagne;nuisance;santé;développement culturel
357;emploi;économie du pays;travail difficile;travail difficile;engin;impact environnemental;impact environnemental;nuisance;revenu;investissement
358;déclin;déclin;industrie;déclin;conflit;fer;balance positive-négative;nuisance
359;pollution;impact environnemental
360;pollution;impact environnemental;richesse;entreprise;coutume;richesse
361;montagne;pollution;relation france;emploi
362;exploitation raisonnée;politique;politique
363;déclin;amélioration environnementale;exploitation raisonnée
364;balance positive-négative;production;puissance étrangère;conflit;foncier
365;maintien de l’exploitation;relation internationale;commerce;emploi;amélioration environnementale;amélioration environnementale;innovation;développement culturel
366;impact environnemental;incertitude
367;relation france;maintien de l’exploitation;amélioration environnementale;enjeu;secteur nickel;développement alternatif;maintien de l’exploitation;emploi
368;biodiversité;économie du pays;transition
369;maintien de l’exploitation;emploi;automatisation;automatisation;enjeu;emploi;nuisance;biodiversité;exploitation;justice sociale;condition de travail;impact environnemental
370;revenu;pollution;impact environnemental;développement durable;milieu;déclin;puissance étrangère;investissement
371;déclin;engin;fer;nuisance;investissement;développement
372;pollution;biodiversité;engin;production;bien de consommation;bien de consommation;bien de consommation;condition de travail;condition de travail
373;description minière;impact environnemental;déclin;politique;pollution;impact environnemental;montagne;biodiversité;pollution;biodiversité;biodiversité;milieu;biodiversité;biodiversité;bien de consommation;sentiment négatif;avenir;incertitude
374;emploi;pollution;déclin;nuisance;famille;famille
375;amélioration environnementale;sécurité;maintien de l’exploitation;automatisation
376;transition;amélioration environnementale;justice sociale;justice sociale
377;économie du pays;procédé industriel
378;déclin;impact environnemental;développement alternatif
379;production énergétique;épuisement de la ressource;fin;production;entreprise;innovation;développement alternatif
380;développement;développement durable;épuisement de la ressource;déclin;amélioration environnementale;fiscalité;politique
381;biodiversité;développement durable;milieu;économie du pays;coutume
382;fin;passé;emploi
383;pollution;fin;emploi;économie du pays;nouvelle-calédonie;conflit
384;machine
385;relation internationale;épuisement de la ressource;après-nickel;secteur nickel;production énergétique
386;vision positive de la ressource;emploi;innovation;épuisement de la ressource;exploitation;impact environnemental;usine
387;épuisement de la ressource;développement;amélioration environnementale
388;pollution;développement durable;santé
389;machine;impact environnemental;machine;impact environnemental
390;déclin;déclin;danger;développement;crise;impact environnemental;non classé;avenir;vision positive de la ressource
391;pollution;minerai;incertitude;investissement;développement;fin;crise;fin;procédé industriel;travail difficile;pollution;relation france;formation;fiscalité;amélioration environnementale;impact environnemental;biodiversité;secteur indispensable
392;emploi;impact environnemental;vision positive de la ressource
393;emploi;déclin;impact environnemental;représentation opérateur;santé;nuisance;innovation;pollution
394;emploi;revenu;bien de consommation;investissement;développement;famille;foncier;investissement;santé
395;fin;vision négative de la ressource;impact environnemental
396;automatisation;indépendance;pollution;pollution
397;économie du pays;emploi;conflit;dérive politique;entreprise;indépendance
398;dérive politique;richesse;inégalité;pollution;usine;santé;santé;danger;danger;biodiversité;danger;conflit;crise;fin;sentiment négatif;après-nickel;emploi
399;automatisation;impact environnemental;exploitation raisonnée
400;développement durable;foncier;maintien de l’exploitation;automatisation;indépendance
401;impact environnemental;impact environnemental;coutume;pollution
402;secteur indispensable;nickel;amélioration environnementale;automatisation
403;développement durable;usine;économie du pays;montagne;croissance minière
404;impact environnemental;économie du pays;croissance minière;développement;impact environnemental
405;pollution;économie du pays;revenu;exploitation raisonnée;indépendance
406;fin;impact environnemental;pollution;conflit;conflit
407;épuisement de la ressource;revenu;impact environnemental
408;développement durable;automatisation;économie du pays
409;épuisement de la ressource;revenu
410;épuisement de la ressource;biodiversité;croissance minière
411;maintien de l’exploitation;développement alternatif;secteur indispensable
412;amélioration environnementale
413;innovation
414;fin;fin;secteur indispensable
