1;fermeture;usine de doniambo;travail;creusage;droit
2;impossible;indispensable;gestion;enjeu;concurrence;rationnalisation;entente;difficile
4;rien;après-nickel;pollution;activité;épuisement;rebondissement
5;montagne;poisson;dépotoir;répartition;rendement
6;extraction;tradition;repère;action;adaptation;pauvre
7;arrêt;nickel;rivière;travail
8;environnement;ressource;avenir;pollution;nouvelle-calédonie;vision
9;pollution;destruction;bien - mal
10;après-nickel;flou;fermeture
11;destruction;nature;industrie
12;montagne;pollution;après-mine;projet
13;?
14;pollution;international;économie;politique
15;indépendance;fournisseur;conflit
16;pollution;végétation
17;reboisement;train;tourisme
19;thio;pérenne;environnement;ressource;lagon;balance
20;argent;pollution
21;inchangé;arrêt;adaptation;pollution;emploi;jeune
22;après-mine;épuisable;fin;enfant;projet;évolution;image
23;impact;bénéfique;durable;abîmé
24;déchet;enfant
25;impact;pollution;travail
26;non-renouvelable;économie;énergie renouvelable;nickel;ressource
27;épuisable;océan
28;inchangé;problème;pollution
29;technologie;demandé;épuisable;développement;ressource;retombée
30;incertitude;demande;bénéfice;crise;diversification;ressource;montagne;fin;environnement
31;incertain;âge d’or;argent;agriculture;pollution;après-nickel;enfant;emploi;innovation
32;province sud;évolution;argent;projet;politique;amélioration;environnement
33;épuisable;épuisement;développement;destruction;paysage;forêt
34;pollution;déboisement;nuisance;expansion;économie;association;tourisme;développement tribal;projet
35;développement;richesse;indépendance;environnement;nouveau
36;perdition;pollution;chômage;reconnaissance;indépendance
37;bénéfice;richesse;usine;développement;développement durable;chaîne de production;acier;limité
38;matériau alternatif;ressource;dégât;conflit
39;prise de conscience;alternative;prony resources;développement durable
41;amélioration
42;inchangé;pollution;incertitude
43;exploitation;abandon;rapidité;disparition;inconnu;malheur;pollution;réchauffement climatique;récif
44;rien;incertitude;destruction;pollution;montagne
46;inchangé;incertain;montagne
47;projection;négatif;jeune;famille;culture;emploi;enfant
48
49;fin;ressource;société;échange;employé;liens
50;pire;association
51;espoir;cyclone;enfant;terre
52;conflit
53
54;ressource;rien;bâtiment
55;malhonnêteté;maléfique;reconnaissance;dominance;coutumier;nouvel ordre mondial;richesse;redevance;fermeture;préjudice
56;revenu;conflit;évolution;environnement;production;richesse;mal-être;destruction
57;fin;similitude;évoluer;économie;produit chimique;pollution
58;disparition;reboisement;profit;enfant
59;grand
60;?;amélioration;fin
61;estompage;économie;développement
62;disparition;non-renouvelable;travail;énergie
63;montagne;chinois
65;inchangé;évolution
67;complexe;pib;ressource;déclin;demande;indépendance
68;survivre;vital;pollution;besoin;politique;emploi
69;échec;limité;technique;écologie;développement;sln
70;indépendance;économie;social;chinois;stratégie
71;complexe;impact;disparition
72;durable;reboisement;?
73;rien;avenir;dette
74;durable;épuisable
76;rentable;pays;commerce
77;évolution;destruction
81;inutile;développement;épuisable;économie;alternative;pollution;cesser
82;pollution;travail;sécurité;?;quota
83;dégradation;épuisé;dette;chômage;réorientation;reboisement;immobile
84;transition énergétique;extraction;outil;revégétalisation;exploitation;hydrocarbure;logique;développement durable;économie circulaire;décentralisation;résilience
85;végétation;reforestation;appauvrissement;conflit
86;profit;gestion;ressource;nickel;emploi;jeune;social;référendum;polémique
87;technologie
88;amélioration;meilleure exploitation;environnement
89;régulation;ressource;paysage
90;revenu;reforestation
91;danger;enjeu;problème;évolution;environnement;menace;augmentation;disparition;épuisement;conflit;production;désintérêt;préoccupation
92;disparition;transformation;technologie;développement;changement;forme;évolution;abandon;pollution;rejet;impact;épuisement;ressource
93;dégât;machine;main d’oeuvre;conflit;écoresponsable;pollution;technique
94;utilisation;obsolescence;continuation;mercantile;rendement;baisse;nouveau;accroissement;conséquence;revalorisation;mouvement
95;exploitation;industrie;impact;épuisement;économie;profit;conflit;métallurgie;sidérurgie;métier à risque;évolution
96;maladie;explosif;risque;pollution;environnement;tranquillité;charbon;or;écologie;activité minière;maladie;travail;machine;emploi
97;valeur;développement durable;ressource;pollution;dégradation;mécanisation;emploi;économie;réparation
98;épuisement;impact;déforestation;conflit;enjeu;économie;échange
99;pollution;inexistant;rendement;développement;ges;technologie;énergie renouvelable
100;épuisement;rejet;solution;projet;exportation
101;raréfaction;pollution;ressource;entreprise;minerai;économie;paysage
102;inexistant;emploi;ressource
103;accessibilité;garniérite;pyrométallurgique;hydrométallurgie;latérite;minerai;exportation;sous-produit;batterie;alternative énergétique;reboisement;réhabilitation;économie durable
104;interrogation;indépendance;exploitation;koniambo;économie;nord;sud;guerre civile;ressource;reboisement
105;ressource;développement;richesse;pollution;appauvrissement;surexploitation;poussière;déchet;sale
106;stabilité;politique;extraction;sécurité;population;richesse;monde;stabilité
107;environnement;économie;importation;ressource
108;inexistant;abandon
109;paysage;ressource
110;découverte;épuisement;pollution;technologie
111;automatisation;eau traitée;empreinte carbone;reforestation;biodiversité;condition de travail;inexistant
112
113;plus assez
114;plus rien
115;emploi;robotisation;recyclage;nouvelle mine;nouveau minerai
116;mine énergétique;mine de matériau;efficacité
117;propre;écologie;rapide
118;écologie;environnement;automatisation;local;ressource
119;perte
120;épuisable;conflit
121;point fort;production
122;inchangé;disparition;robot
123;disparition;évolution
124;épuisé;ressource;pollution;travail;usine
125;nickel;abondance;argent;disparition;fonds pour les générations futures;environnement
126;ressource;mine;rare;valeur;rien;conflit
127;épuisé;richesse;destruction;expulsion;évolution;pollution
128;danger;finance;problème;travail;dégât;pollution;environnement
129;développement;conflit;emploi;diversification
130;pollution;rachat
131;incertain;emploi;chômage;problème
132;vide;changement;reforestation;abandon;nouveau minerai;industrialisation;automatisation
133;avantage;population;conflit;zone de travail;industrie;économie;développement;exploitation;exportation
134;fin;pauvre;vide;pollution;chômage;perdre;changement
135;nouvelle technologie;progrès;automate;richesse
136;faillite;pollution
137;travail;évolution technologique;évolution écologique
138
139;épuisement;conflit
140;grandir;procédé;montagne;maladie;référendum;chine
141;technologie;ressource;mineur;bruyant;carrière;environnement
142;travail;sécurité;chômage;augmentation;économie;changement;esprit d’équipe
143;projet;avantage;croissance économique;capital;environnement;dégradation
144;argent
145;moderne;pollution;argent
146;pollution;végétation;diversité;montagne;paysage;développement
147;protection;pollution;respect;richesse;peuple;nature;aide;conflit;sécurité
148;chômage;ralentissement;activité;insécurité
149;épuisement;fin;écologie;présence;emploi;pollution;reboisement;revégétalisation
150;pollution
151;technologie;disparition;pollution
152
153;persiste;asséché;vide;abandon;pollution;environnement;écosystème;décharge;remontée de gaz;fin
154;pollution;technologie;formation;international;emploi;partenariat
155;présente;fin;rare;impact
156;reboisement;procédé;valorisation;traitement
157;évolution;autonomie;organisation;employé;nouvelle machine
158;lumineux;robotisation;actif;ressource;épuisement;découverte;caillou
159;exploitation;traitement;revente;exportation;indispensable;compagnie;métier;robot;environnement
160;automatisation;indépendance;modernisation;rentable;emploi non-qualifié;appauvrissement
161;montagne;emploi;pollution;nickel;structure
162;écologie;environnement;emploi;santé;économie;raisonnable;respect
163;minerai;déforestation;défaitiste
164;écologique;respectueux;énergie renouvelable
165;reforestation;emploi;épuisable;énergie verte
166;durable;vert;écologique;naturel
167;manque;perte;évolution
168;réhabilitation;rendement
169;écologie;technologie;reforestation
170;impact écologique;conflit;déforestation;emploi;chômage;évolution;travail;amélioration
171;inexploitable
172;environnement;efficace;surexploitation
173;exportation;impact
174;impact;économie;extinction;disparition;important
175;politique;écologique;pollution;égoïste;matérialiste
176;instabilité;déclin;crise;environnement;conflit
177;impact;reforestation
178;insécurité;progrès;environnement;échange international;emblématique;autosuffisant
179;pollution;épuisable
180;exportation;richesse;environnement;chine
181;écoresponsable;anti-pollution;surexploitation;indépendance;ouvrier;machine
182;économie;environnement;métier;richesse
183;épuisable;environnement;déforestation
184;investissement;recherche géologique;technique;respect environnemental
185;vale;kns;sln;embargo
186;ressource;respectueux;bénéfique;juste
187;épuisement;pollution
188;épuisement
189;perte;conflit;développement;ouverture;basculer;impact
190;indépendance;international;importation;exportation
191;pib;impact;emploi
192;éphémère;impact
193;exploitation;ressource
194;épuisement;économie;pollution
195;conflit;épuisement;diminution;recherche;innovation;intérêt
196;fin
197;développer;ouvrier;technologie;découverte
198;robot;technologie;machine
199;obsolète;abus;incertain;remplaçable
200;technologie;condition de travail;limité
201;robotisation;pollution;richesse
202;responsabilité;problème
203;pollution;emploi;surface;exploitation;économie;terre;ressource
204;vide;surexploitation
205;environnement;durable;gestion;dégradation;pollution
206;asséché;secondaire;vieillot
207;avenir;vol
208;écologique;pollution;travail;ressource;sécurité;horaire
209;dégât;économie;tension;travailleur;bien-être;santé
210;développement;infrastructure;site minier;dégât
211;pollution;reconversion;économie;emploi;formation;enjeu;batterie;cafat;politique;minerai;scorie;caillou;impact;enfant;conscience;nature;paix
212;ressource;minerai;extraction;nature;robotisation;emploi
213;schéma minier;titre minier;fédération;uniformisation;fonds souverain;diversification;bourse;enquête;diagnostic;valorisation;développement
214;reconversion;scorie;avenir;abondance;procédé;produit fini;pollution;économie;formation
215;durable;avenir;atout;amélioration;opportunité;développement
216;cessation;plantation;partage
217;produit fini;impact;richesse;enjeu;batterie;politique;avenir;remboursement
218;fini;innovation;investissement;coopération;développement durable;décroissance;richesse;économie sociale et solidaire;reconversion;réappropriation;adaptation;égalité;formation;conscience environnementale;implication
219;dégradation;pollution;économie;technologie
220;reforestation;formation;reconversion;atout;enfant;produit fini;usine;conflit;durable;diagnostic
221;automatisation
222
223;épuisé;pollué
224;pollution;paysage;emploi
225;environnement;emploi;stage;exploitation;recherche;conservation;infrastructure
226;ressource;pareil
227;échange;commerce;économie;potentiel;évolution;enrichissement
228;développer;avenir;mixte;multiculturel
229;amélioration;employé;désaccord;conflit;pollution;épuisement
230;usine;ruine;contrainte;multinationale;convoitise;chine;capitalisme;dégradation
231;ralentissement;nature;reforestation;emploi;pib
232;dégradation;environnement;personne;argent;individuel;maison;emploi
233;aucune;développement durable;reboisement;emploi;formation;bourse scolaire;énergie renouvelable;gestion;réparation;déprivatisation
234;après-exploitation;reboisement;étude d’impact;prévention
235;ressource;économie;changement;retrait;non durable;tension;réaménagement;environnement;développement durable;pollution;déforestation
236;nouvelle technique;épuisement;aménagement
237;destruction;forestation;pollution;environnement;richesse;emploi
238;diminution;commerce extérieur;épuisable
239;innovation;liquidation;destruction;pollution;économie
240;désastre;réchauffement climatique
241;éphémère;revenu;utile
242;carence;mondialisation;frein;essor
243;récif;montagne;problème;travail;reforestation
244;indépendance;valorisation;emploi;changement;changement total;économie
245;problème;crise économique;crise emploi;pollution;paysage
246;montagne;pollution;assèchement;économie verte;après-nickel
247;pollution;vert;arrêt;transition écologique
248;pollution;nickel;nickel
249;technologie;propreté;surconsommation;consommation écologique;véhicule;robot;ressource;foreuse;électronique;drone;international
250;pénurie;destruction;disparition;emploi;nouvelle technologie
251;propre;énergie renouvelable;production propre;exploitation raisonnée
252;déchet;plantation;retombée
253;crayon;destruction;pollution;mondialisation;mafia
254;revalorisation;nouveau procédé;identification;restructuration;délocalisation;bénéfice;performance;revégétalisation;découverte
255;pollution;division;destruction;environnement;déforestation;futur
256;batterie;reboisement
257;paysage;bourse;lithium;richesse
258;crise économique;progrès technique;épuisé;pollution;promesse d’embauche;eramet;croissance;chine;usoenc;exportation;grève;salaire;endettement;prime
259;désaccord;économie;conflit;épuisé;défaillance
260;impact;technologie
261;fin;économie
262;automatisé;épuisable
263;évolution technologique
264;épuisé;dégât;crise économique
265;progrès technique;cours;ressource;diversification;reboisement;musée;tourisme;sentier touristique;purification;taxe;interdiction;co2;maintenance;emploi;formation;fonds souverain;laboratoire;scientifique
266;limité;insuffisant
267;nickel;chômage;montagne;reboisement;économie;richesse
268;pollution;destruction;emploi
269;engin;pollution;épuisement
270;évolution technologique;renforcement;performant;durable;technologie;écosystème;économie verte;nouveauté
271;robot;ressource;destruction
272;aucune;arrêt;néfaste
273;ressource;surexploitation;valeur;avenir
274;robot;technologie;rapide;caillou;qualité;pollution;destruction;argent
275;technologie;technicien;machine;précision;paysage;environnement;production;exportation;exploitation;manifestation
276;invention;progrès;danger;utile;pessimiste;nouveau
277;surexploitation;dégradation;néant;pessimisme;humain;main d’oeuvre
278;voiture;valeur économique;polluant;réorganiser;vert;écologie;20 ans;réalisation;aménagement;véridique;voiture hybride
279;positif;aménagement;robot;mer;rivière;pollution
280;technologie;robot;automatisation;pollution;réflexion;personnel humain;disparition
281;exploitation
282;pareil
283;destruction;épuisement;rien;plus de mine
284;montagne;plus de mine;raréfaction;société minière
285;impact;pollution;destruction;terre;humain;changement;climat
286;fin;disparition;travail
287;arrêt
288;capital étranger;emploi;formation;pollution;pib
289;pollution;environnement;appropriation;économie;batterie
290;économiser la ressource;délocalisation;énergie renouvelable
291;misère;indépendance;voiture électrique;argent;problème;épuisement;économie
292;gestion;revégétalisation;redistribution;pollution;énergie verte;charbon
293;assurance d’emploi;économie;projet lucy;richesse;impact;gestion;pollution;avenir;écologie;épuisement;solution
294;ressource
295;pollution
296;inexistant;non-renouvelable
297;surexploitation;transport;travail;minerai;reboisement;exportation
298;pollution
299;emploi;énergie durable;non-renouvelable;disparition;recherche
300;projet lucy;économie verte;pollution;emploi;richesse;destruction;écologie;déchet
301;gestion des déchets;rentabilité;économie;projet lucy;revégétalisation;énergie verte
302;disparition;pollution;rééquilibrage;épuisement;ressource insuffisante
303;énergie renouvelable;projet lucy;gestion;épuisement;environnement;économie;avenir
304;économie;pollution;projet lucy;énergie renouvelable;emploi;ressource;gestion;batterie
305;environnement;pollution;gestion;nickel;électricité;nouveau dispositif;projet;économie;emploi;politique
306;destruction;pollution;évolution;argent
307;environnement
308;respect;environnement
309;travail;argent;déforestation;pollution
310;développement durable;énergie renouvelable;dette;disparition;reboisement;nature;visionnaire
311;pollution;perte;écologie
312;plante hyperaccumulatrice;botanique;biodiversité;respect;compréhension;restauration écologique;biochimie
313;avancement;travail
314;faillite
315;faillite
316;ruine;pollution
317;pollution;fin;risque;budget;aide;tension
318;extraction;respect de l’environnement;engin d’extraction;régulation;usine;charbon vert;énergie renouvelable;transport;restauration;avancée technologique
319;écologique;déforestation;problème;épuisement
320;secteur économique;développement;épuisement;technique de travail;alternative écologique;pollution;développement durable
321;restauration;énergie renouvelable
322;développement durable;énergie renouvelable;métier
323;économie;destruction;inondation;emploi;biodiversité
324;mine locale;salaire;engin hybride;perte
325;pollution;économie;non durable;avenir
326;?
327;développement;pollution;détournement;exploitation;ressource
328;pollution;épuisement;maladie;patrimoine;destruction
329;utopie;irréel;technologie;modernisation;pollution;ges;maladie;mort;toxique
330;correct;pollution;mort;corruption;problème
331;fin;respect de l’environnement;condition de travail;stable;écologique;propre;limité;développé
332;respect;technique moderne;responsabilité
333;fin;emploi;terre détruite
334;sans avenir;énergie non-renouvelable;emploi;chômage;nouveau secteur;économie
335;rien;développé;avancé;argent;pollution;énergie;famille;construction;métal;batterie
336;réchauffement;pollution;épuisable;chômage;crise économique
337;nouveau paysage;nouvelle construction;nouveau matériau;high design;montagne;nouveau métier;forêt;ressource naturelle;écosystème
338;crise économique;épuisable;pollution;pauvre;richesse;cher;transport
339;crise économique;pauvre;tourisme
340;technologie;montagne;argent;guerre
341;pollution;pauvreté;déforestation;saleté;exploitation;fin;faillite;économie
342;environnement;économie;conflit;politique;partenariat;échange
343;richesse;développement;terre;charbon;déforestation;conflit;barrage;différenciation sociale;kanaky dawany;indépendance
344;pollution;exploitation;épuisement;reboisement;emploi
345;destruction;dédommagement;air polluée;nature;argent;matière
346;environnement;protection;valeur;formation;écologie;développement;infrastructure
347;reboisement;projet;recyclage
348;pollution;conflit;disparition;économie;pauvreté
349;innovant;richesse;pilier économique;rongeur;respect de l’environnement
350;robot;impact;manque
351;tapis roulant;machine;ouvrier;technologie;roche;exploitation;découverte;ressource
352;reboisement
353;crise;fin;économie;épuisé;pauvreté
354;développement;nouveau;création;protection;sécurité
355;malédiction;honneur;dégradation;tâche;voiture;matériel
356;avenir;projet;investir;emploi;dégradation;aucune;voiture;famille;tôt;noir;diplôme;responsabilité;repos;montagne;poussière;malade;voyage
357;emploi;bénéfique;heure;quart;engin;environnement;destruction;poussière;argent;investir
358;perte;réduire;ailleurs;restreindre;conflit;fer;choix;sale
359;pollution;impact
360;pollution;déforestation;richesse;micro-entreprise;village;atout
361;montagne;pollution;aide;emploi
362;exploitation durable;entraide;entente
363;déclin;revégétalisation;exploitation raisonnée
364;prix;production;racheteur;problème;foncier
365;durabilité;mondialisation;commerce;emploi;écologie;revégétalisation;progrès;patrimoine
366;destruction;durée
367;responsable;durable;préservation;accord;rentabilité;secteur à développer;stable;emploi
368;biodiversité;économie;changement
369;pareil;travail;robot;mécanisation;informer;emploi;sale;fleur;exploitation;partage;grade;destruction
370;argent;pollution;destruction;sensibiliser;nature;moins;chinois;investir
371;perte;camion;fer;sale;investir;projet
372;pollution;arbre;engin;métal;voiture;téléphone;télévision;matin;soir
373;artificiel;destruction;perte;orienter;pollution;environnement;montagne;arbre;eau;animal;insecte;lac;endémisme;fougère;voiture;mauvais;avenir;incertain
374;emploi;pollution;perte;sale;fille;garçon
375;écologique;sûr;durable;connecté
376;transformation;réhabilitation;partage;équité
377;économie;gestion
378;affaiblissement;anéantissement;alternative
379;énergie fossile;épuisable;dépassé;batterie;tesla;solution;alternative
380;développement;respect de l’environnement;épuisement;chute;reboisement;dette;entente
381;biodiversité;recyclage;relief;économie;respect
382;asséché;ancien;chômage
383;pollution;fermeture;chômage;économie;pays;problème
384;machine
385;concurrence;épuisement;fonds nickel;activité économique;énergie
386;ressource;travail;technologie;épuisement;exploitation;environnement;usine
387;épuisable;évolution;rénovation
388;pollution;énergie renouvelable;maladie
389;roue-pelle;destruction;serpentine;déforestation
390;perte;moins;attention;projet;crise;environnement;bulle;avenir;ressource
391;pollution;caillou;aucune idée;réinvestissement;projet;arrêt;chaos;vide;système;monotone;déchet;remboursement;bourse;dette;protection;environnement;endémique;base
392;travail;environnement;ressource
393;emploi;perte;environnement;responsabilité;maladie;sale;technologie;eau
394;emploi;salaire;voiture;investir;projet;maison;terrain;cotisation;maladie
395;vide;surexploitation;déforestation
396;automatisation;indépendance;pollution;déchet
397;économie;travail;dispute;corruption;trafigura;indépendance
398;pouvoir;richesse;jalousie;déchet;fumée;santé;maladie;accident;feu;mort;incendie;division;échec;fermeture;déception;ruine;chômage
399;automatisé;dégradation;limité
400;respect de l’environnement;aménagement;durable;connecté;autonome
401;destruction;environnement;lieu sacré;pollution
402;indispensable;matière première;reforestation;robotisation
403;respect de l’environnement;fumée;économie;paysage;agrandissement
404;environnement;économie;agrandissement;développement;déforestation
405;polluant;économie;revenu;réglementation;souveraineté
406;fin;érosion;pollution;problème;conflit
407;pénurie;revenu;impact
408;solution écologique;automatisation;économie
409;pénurie;argent
410;épuisement;plante;nouvelle ressource
411;durable;plantation;impossible
412;amélioration
413;nouvelle technique
414;aucune;vide;impossible
