1;arrêt;usine de doniambo;emploi;creuser;droit
2;irréel;indispensable;gestion;enjeu;concurrence;régulation;entente;difficile
4;néant;après-nickel;pollution;activité minière;épuisable;rebondissement
5;montagne;poisson;décharge;redistribution;rendement
6;exploitation;tradition;repère;action;adaptation;pauvreté
7;arrêt;nickel;rivière;emploi
8;impact environnemental;ressource;avenir;pollution;nouvelle-calédonie;vision
9;pollution;démolition;positif - négatif
10;après-nickel;incertitude;arrêt
11;démolition;nature;industrie
12;montagne;pollution;après-nickel;projet
13;inconnu
14;pollution;international;économie;politique
15;indépendance;fournisseur;conflit
16;pollution;flore
17;végétalisation;train;tourisme
19;thio;pérenne;impact environnemental;ressource;lagon;balance
20;argent;pollution
21;immobile;arrêt;adaptation;pollution;emploi;jeune
22;après-nickel;épuisable;fin;enfant;projet;évolution;image
23;impact environnemental;bénéfice;durable;abîmé
24;déchet;enfant
25;impact environnemental;pollution;emploi
26;non-renouvelable;économie;énergie renouvelable;nickel;ressource
27;épuisable;océan
28;immobile;problème;pollution
29;technologie;demandé;épuisable;développement;ressource;retombée
30;incertitude;demande;bénéfice;crise;diversification;ressource;montagne;fin;impact environnemental
31;incertitude;abondance;argent;agriculture;pollution;après-nickel;enfant;emploi;innovation
32;province sud;évolution;argent;projet;politique;amélioration;impact environnemental
33;épuisable;épuisable;développement;démolition;paysage;forêt
34;pollution;déforestation;nuisance;accroissement;économie;association;tourisme;développement tribal;projet
35;développement;richesse;indépendance;impact environnemental;nouveauté
36;perte;pollution;chômage;reconnaissance;indépendance
37;bénéfice;richesse;usine;développement;développement durable;chaîne de production;acier;limité
38;matériau alternatif;ressource;dégât;conflit
39;conscience;alternative;prony resources;développement durable
41;amélioration
42;immobile;pollution;incertitude
43;exploitation;abandon;rapidité;extinction;inconnu;malheur;pollution;réchauffement climatique;récif
44;néant;incertitude;démolition;pollution;montagne
46;immobile;incertitude;montagne
47;projection;mauvais;jeune;famille;culture;emploi;enfant
48
49;fin;ressource;entreprise;échange international;main d’oeuvre;lien social
50;pire;association
51;espoir;cyclone;enfant;terre
52;conflit
53
54;ressource;néant;bâtiment
55;malhonnêteté;maléfique;reconnaissance;dominance;coutumier;nouvel ordre mondial;richesse;dédommagement;arrêt;préjudice
56;revenu;conflit;évolution;impact environnemental;production;richesse;mal-être;démolition
57;fin;similaire;évolution;économie;produit;pollution
58;extinction;végétalisation;profit;enfant
59;grand
60;inconnu;amélioration;fin
61;déclin;économie;développement
62;extinction;non-renouvelable;emploi;énergie
63;montagne;chine
65;immobile;évolution
67;complexe;pib;ressource;déclin;demande;indépendance
68;survivre;indispensable;pollution;besoin;politique;emploi
69;échec;limité;technique;écologie;développement;sln
70;indépendance;économie;lien social;chine;stratégique
71;complexe;impact environnemental;extinction
72;durable;végétalisation;inconnu
73;néant;avenir;dette
74;durable;épuisable
76;rentable;nouvelle-calédonie;commerce
77;évolution;démolition
81;inutile;développement;épuisable;économie;alternative;pollution;arrêt
82;pollution;emploi;sécurité;inconnu;quota
83;dégradation;épuisable;dette;chômage;réorientation;végétalisation;immobile
84;transition énergétique;exploitation;outil;végétalisation;exploitation;hydrocarbure;logique;développement durable;économie circulaire;décentralisation;résilience
85;flore;végétalisation;appauvrissement;conflit
86;profit;gestion;ressource;nickel;emploi;jeune;lien social;référendum;polémique
87;technologie
88;amélioration;meilleure exploitation;impact environnemental
89;régulation;ressource;paysage
90;revenu;végétalisation
91;dangereux;enjeu;problème;évolution;impact environnemental;menace;accroissement;extinction;épuisable;conflit;production;désintérêt;préoccupation
92;extinction;transformation;technologie;développement;changement;éducation;évolution;abandon;pollution;déchet;impact environnemental;épuisable;ressource
93;dégât;machine;main d’oeuvre;conflit;écoresponsable;pollution;technique
94;utilisation;obsolescence;pérenne;mercantile;rendement;réduction;nouveauté;accroissement;conséquence;valorisation;mouvement
95;exploitation;industrie;impact environnemental;épuisable;économie;profit;conflit;métallurgie;métallurgie;métier à risque;évolution
96;maladie;explosion;risque;pollution;impact environnemental;tranquillité;charbon;or;écologie;activité minière;maladie;emploi;machine;emploi
97;valorisation;développement durable;ressource;pollution;dégradation;automatisation;emploi;économie;restauration écologique
98;épuisable;impact environnemental;déforestation;conflit;enjeu;économie;échange international
99;pollution;inexistant;rendement;développement;ges;technologie;énergie renouvelable
100;épuisable;déchet;solution;projet;exportation
101;épuisable;pollution;ressource;entreprise;minerai;économie;paysage
102;inexistant;emploi;ressource
103;accessibilité;garniérite;métallurgie;métallurgie;latérite;minerai;exportation;sous-produit;batterie;alternative énergétique;végétalisation;restauration écologique;économie durable
104;interrogation;indépendance;exploitation;usine du nord;économie;nord;sud;guerre civile;ressource;végétalisation
105;ressource;développement;richesse;pollution;appauvrissement;surexploitation;poussière;déchet;sale
106;stable;politique;exploitation;sécurité;population;richesse;mondialisation;stable
107;impact environnemental;économie;importation;ressource
108;inexistant;abandon
109;paysage;ressource
110;découverte;épuisable;pollution;technologie
111;automatisation;eau salubre;empreinte carbone;végétalisation;biodiversité;condition de travail;inexistant
112
113;assèchement
114;néant
115;emploi;automatisation;recyclage;nouvelle mine;nouveau minerai
116;mine énergétique;mine de matériau;efficace
117;propre;écologie;rapidité
118;écologie;impact environnemental;automatisation;local;ressource
119;perte
120;épuisable;conflit
121;point fort;production
122;immobile;extinction;automatisation
123;extinction;évolution
124;épuisable;ressource;pollution;emploi;usine
125;nickel;abondance;argent;extinction;fonds nickel;impact environnemental
126;ressource;mine;rare;valorisation;néant;conflit
127;épuisable;richesse;démolition;expulsion;évolution;pollution
128;dangereux;investissement;problème;emploi;dégât;pollution;impact environnemental
129;développement;conflit;emploi;diversification
130;pollution;rachat
131;incertitude;emploi;chômage;problème
132;néant;changement;végétalisation;abandon;nouveau minerai;industrialisation;automatisation
133;avantage fiscal;population;conflit;zone de travail;industrie;économie;développement;exploitation;exportation
134;fin;pauvreté;néant;pollution;chômage;perte;changement
135;nouvelle technologie;progrès;automatisation;richesse
136;faillite;pollution
137;emploi;évolution technologique;évolution écologique
138
139;épuisable;conflit
140;accroissement;procédé;montagne;maladie;référendum;chine
141;technologie;ressource;mineur;bruit;carrière;impact environnemental
142;emploi;sécurité;chômage;accroissement;économie;changement;équipe
143;projet;avantage fiscal;croissance économique;apport;impact environnemental;dégradation
144;argent
145;modernisation;pollution;argent
146;pollution;flore;biodiversité;montagne;paysage;développement
147;préservation;pollution;respect;richesse;population;nature;aide;conflit;sécurité
148;chômage;ralentissement;activité minière;insécurité
149;épuisable;fin;écologie;présent;emploi;pollution;végétalisation;végétalisation
150;pollution
151;technologie;extinction;pollution
152
153;pérenne;asséché;néant;abandon;pollution;impact environnemental;écosystème;décharge;remontée de gaz;fin
154;pollution;technologie;éducation;international;emploi;coopération
155;présent;fin;rare;impact environnemental
156;végétalisation;procédé;valorisation;traitement
157;évolution;autonomie;gestion;main d’oeuvre;nouvelle machine
158;lumineux;automatisation;actif;ressource;épuisable;découverte;roche
159;exploitation;traitement;vente;exportation;indispensable;compagnie minière;emploi;automatisation;impact environnemental
160;automatisation;indépendance;modernisation;rentable;emploi non-qualifié;appauvrissement
161;montagne;emploi;pollution;nickel;infrastructure
162;écologie;impact environnemental;emploi;santé;économie;raisonnable;respect
163;minerai;déforestation;défaitiste
164;écologie;respect;énergie renouvelable
165;végétalisation;emploi;épuisable;énergie renouvelable
166;durable;vert;écologie;nature
167;insuffisant;perte;évolution
168;restauration écologique;rendement
169;écologie;technologie;végétalisation
170;impact environnemental;conflit;déforestation;emploi;chômage;évolution;emploi;amélioration
171;inexploitable
172;impact environnemental;efficace;surexploitation
173;exportation;impact environnemental
174;impact environnemental;économie;extinction;extinction;important
175;politique;écologie;pollution;égoïste;matérialiste
176;instabilité;déclin;crise;impact environnemental;conflit
177;impact environnemental;végétalisation
178;insécurité;progrès;impact environnemental;échange international;emblématique;autosuffisant
179;pollution;épuisable
180;exportation;richesse;impact environnemental;chine
181;écoresponsable;anti-pollution;surexploitation;indépendance;main d’oeuvre;machine
182;économie;impact environnemental;emploi;richesse
183;épuisable;impact environnemental;déforestation
184;investissement;recherche géologique;technique;respect environnemental
185;vale;kns;sln;embargo
186;ressource;respect;bénéfice;juste
187;épuisable;pollution
188;épuisable
189;perte;conflit;développement;ouverture;basculer;impact environnemental
190;indépendance;international;importation;exportation
191;pib;impact environnemental;emploi
192;éphémère;impact environnemental
193;exploitation;ressource
194;épuisable;économie;pollution
195;conflit;épuisable;déclin;recherche;innovation;intérêt
196;fin
197;développer;main d’oeuvre;technologie;découverte
198;automatisation;technologie;machine
199;obsolescence;abus;incertitude;remplaçable
200;technologie;condition de travail;limité
201;automatisation;pollution;richesse
202;responsabilité;problème
203;pollution;emploi;surface;exploitation;économie;terre;ressource
204;néant;surexploitation
205;impact environnemental;durable;gestion;dégradation;pollution
206;asséché;dispensable;vieillot
207;avenir;vol
208;écologie;pollution;emploi;ressource;sécurité;horaire
209;dégât;économie;tension;main d’oeuvre;bien-être;santé
210;développement;infrastructure;site minier;dégât
211;pollution;reconversion;économie;emploi;éducation;enjeu;batterie;cafat;politique;minerai;scorie;roche;impact environnemental;enfant;conscience;nature;paix
212;ressource;minerai;exploitation;nature;automatisation;emploi
213;schéma minier;titre minier;fédération;uniformisation;fonds nickel;diversification;bourse;enquête;diagnostic;valorisation;développement
214;reconversion;scorie;avenir;abondance;procédé;produit fini;pollution;économie;éducation
215;durable;avenir;atout;amélioration;opportunité;développement
216;arrêt;agriculture;partage
217;produit fini;impact environnemental;richesse;enjeu;batterie;politique;avenir;dédommagement
218;fin;innovation;investissement;coopération;développement durable;décroissance;richesse;économie sociale et solidaire;reconversion;réappropriation;adaptation;égalité;éducation;conscience environnementale;implication
219;dégradation;pollution;économie;technologie
220;végétalisation;éducation;reconversion;atout;enfant;produit fini;usine;conflit;durable;diagnostic
221;automatisation
222
223;épuisable;pollution
224;pollution;paysage;emploi
225;impact environnemental;emploi;stage;exploitation;recherche;préservation;infrastructure
226;ressource;similaire
227;échange international;commerce;économie;potentiel;évolution;enrichissement
228;développer;avenir;mixte;multiculturel
229;amélioration;main d’oeuvre;désaccord;conflit;pollution;épuisable
230;usine;ruine;contrainte;ftn;convoitise;chine;capitalisme;dégradation
231;ralentissement;nature;végétalisation;emploi;pib
232;dégradation;impact environnemental;personne;argent;individuel;maison;emploi
233;néant;développement durable;végétalisation;emploi;éducation;bourse;énergie renouvelable;gestion;restauration écologique;déprivatisation
234;après-nickel;végétalisation;étude d’impact;prévention
235;ressource;économie;changement;retrait;non-renouvelable;tension;réaménagement;impact environnemental;développement durable;pollution;déforestation
236;nouvelle technique;épuisable;aménagement
237;démolition;végétalisation;pollution;impact environnemental;richesse;emploi
238;déclin;commerce international;épuisable
239;innovation;liquidation;démolition;pollution;économie
240;catastrophe;réchauffement climatique
241;éphémère;revenu;utile
242;carence;mondialisation;frein;accroissement
243;récif;montagne;problème;emploi;végétalisation
244;indépendance;valorisation;emploi;changement;changement;économie
245;problème;crise économique;crise emploi;pollution;paysage
246;montagne;pollution;assèchement;économie verte;après-nickel
247;pollution;vert;arrêt;transition écologique
248;pollution;nickel;nickel
249;technologie;propreté;surconsommation;consommation écologique;véhicule;automatisation;ressource;foreuse;électronique;drone;international
250;insuffisant;démolition;extinction;emploi;nouvelle technologie
251;propre;énergie renouvelable;production propre;exploitation raisonnée
252;déchet;agriculture;retombée
253;crayon;démolition;pollution;mondialisation;mafia
254;valorisation;nouveau procédé;identification;restructuration;délocalisation;bénéfice;performance;végétalisation;découverte
255;pollution;division;démolition;impact environnemental;déforestation;avenir
256;batterie;végétalisation
257;paysage;bourse;lithium;richesse
258;crise économique;progrès technique;épuisable;pollution;promesse d’embauche;eramet;accroissement;chine;usoenc;exportation;grève;revenu;dette;prime
259;désaccord;économie;conflit;épuisable;défaillance
260;impact environnemental;technologie
261;fin;économie
262;automatisation;épuisable
263;évolution technologique
264;épuisable;dégât;crise économique
265;progrès technique;cours;ressource;diversification;végétalisation;musée;tourisme;sentier touristique;purification;fiscalité;interdiction;co1;maintenance;emploi;éducation;fonds nickel;laboratoire;scientifique
266;limité;insuffisant
267;nickel;chômage;montagne;végétalisation;économie;richesse
268;pollution;démolition;emploi
269;engin;pollution;épuisable
270;évolution technologique;renforcement;performance;durable;technologie;écosystème;économie verte;nouveauté
271;automatisation;ressource;démolition
272;néant;arrêt;mauvais
273;ressource;surexploitation;valorisation;avenir
274;automatisation;technologie;rapidité;roche;qualité;pollution;démolition;argent
275;technologie;technicien;machine;précision;paysage;impact environnemental;production;exportation;exploitation;manifestation
276;innovation;progrès;dangereux;utile;pessimisme;nouveauté
277;surexploitation;dégradation;néant;pessimisme;humain;main d’oeuvre
278;voiture;valeur économique;pollution;réaménagement;vert;écologie;20 ans;réalisation;aménagement;véridique;voiture
279;positif;aménagement;automatisation;océan;rivière;pollution
280;technologie;automatisation;automatisation;pollution;réflexion;personnel;extinction
281;exploitation
282;similaire
283;démolition;épuisable;néant;néant
284;montagne;néant;épuisable;compagnie minière
285;impact environnemental;pollution;démolition;terre;humain;changement;climat
286;fin;extinction;emploi
287;arrêt
288;capital étranger;emploi;éducation;pollution;pib
289;pollution;impact environnemental;appropriation;économie;batterie
290;quota;délocalisation;énergie renouvelable
291;misère;indépendance;voiture;argent;problème;épuisable;économie
292;gestion;végétalisation;redistribution;pollution;énergie renouvelable;charbon
293;promesse d’embauche;économie;projet lucy;richesse;impact environnemental;gestion;pollution;avenir;écologie;épuisable;solution
294;ressource
295;pollution
296;inexistant;non-renouvelable
297;surexploitation;transport;emploi;minerai;végétalisation;exportation
298;pollution
299;emploi;énergie renouvelable;non-renouvelable;extinction;recherche
300;projet lucy;économie verte;pollution;emploi;richesse;démolition;écologie;déchet
301;gestion des déchets;rentabilité;économie;projet lucy;végétalisation;énergie renouvelable
302;extinction;pollution;rééquilibrage;épuisable;ressource insuffisante
303;énergie renouvelable;projet lucy;gestion;épuisable;impact environnemental;économie;avenir
304;économie;pollution;projet lucy;énergie renouvelable;emploi;ressource;gestion;batterie
305;impact environnemental;pollution;gestion;nickel;électricité;nouveau dispositif;projet;économie;emploi;politique
306;démolition;pollution;évolution;argent
307;impact environnemental
308;respect;impact environnemental
309;emploi;argent;déforestation;pollution
310;développement durable;énergie renouvelable;dette;extinction;végétalisation;nature;visionnaire
311;pollution;perte;écologie
312;plante hyperaccumulatrice;flore;biodiversité;respect;compréhension;restauration écologique;chimie
313;amélioration;emploi
314;faillite
315;faillite
316;ruine;pollution
317;pollution;fin;risque;budget;aide;tension
318;exploitation;respect environnemental;engin d’extraction;régulation;usine;charbon vert;énergie renouvelable;transport;restauration écologique;avancée technologique
319;écologie;déforestation;problème;épuisable
320;secteur économique;développement;épuisable;technique de travail;alternative écologique;pollution;développement durable
321;restauration écologique;énergie renouvelable
322;développement durable;énergie renouvelable;emploi
323;économie;démolition;inondation;emploi;biodiversité
324;mine locale;revenu;engin hybride;perte
325;pollution;économie;non-renouvelable;avenir
326;inconnu
327;développement;pollution;fraude;exploitation;ressource
328;pollution;épuisable;maladie;patrimoine;démolition
329;utopie;irréel;technologie;modernisation;pollution;ges;maladie;mort;toxicité
330;juste;pollution;mort;corruption;problème
331;fin;respect environnemental;condition de travail;stable;écologie;propre;limité;développer
332;respect;technique moderne;responsabilité
333;fin;emploi;terre détruite
334;sans avenir;énergie fossile;emploi;chômage;diversification;économie
335;néant;développer;avancé;argent;pollution;énergie;famille;construction;métal;batterie
336;réchauffement climatique;pollution;épuisable;chômage;crise économique
337;nouveau paysage;nouvelle construction;nouveau matériau;high design;montagne;diversification;forêt;ressource naturelle;écosystème
338;crise économique;épuisable;pollution;pauvreté;richesse;cher;transport
339;crise économique;pauvreté;tourisme
340;technologie;montagne;argent;guerre civile
341;pollution;pauvreté;déforestation;sale;exploitation;fin;faillite;économie
342;impact environnemental;économie;conflit;politique;coopération;échange international
343;richesse;développement;terre;charbon;déforestation;conflit;blocage;différenciation sociale;kanaky dawany;indépendance
344;pollution;exploitation;épuisable;végétalisation;emploi
345;démolition;dédommagement;air polluée;nature;argent;matière
346;impact environnemental;préservation;valorisation;éducation;écologie;développement;infrastructure
347;végétalisation;projet;recyclage
348;pollution;conflit;extinction;économie;pauvreté
349;innovation;richesse;indispensable;rongeur;respect environnemental
350;automatisation;impact environnemental;insuffisant
351;tapis roulant;machine;main d’oeuvre;technologie;roche;exploitation;découverte;ressource
352;végétalisation
353;crise;fin;économie;épuisable;pauvreté
354;développement;nouveauté;création;préservation;sécurité
355;malédiction;honneur;dégradation;tâche;voiture;matériel
356;avenir;projet;investissement;emploi;dégradation;néant;voiture;famille;tôt;obscure;diplôme;responsabilité;repos;montagne;poussière;maladie;voyage
357;emploi;bénéfice;horaire;horaire;engin;impact environnemental;démolition;poussière;argent;investissement
358;perte;réduction;délocalisation;restreindre;conflit;fer;choix;sale
359;pollution;impact environnemental
360;pollution;déforestation;richesse;micro-entreprise;village;atout
361;montagne;pollution;aide;emploi
362;exploitation durable;entraide;entente
363;déclin;végétalisation;exploitation raisonnée
364;prix à payer;production;racheteur;problème;foncier
365;durable;mondialisation;commerce;emploi;écologie;végétalisation;progrès;patrimoine
366;démolition;durée
367;responsable;durable;préservation;accord;rentabilité;diversification;stable;emploi
368;biodiversité;économie;changement
369;similaire;emploi;automatisation;automatisation;informer;emploi;sale;flore;exploitation;partage;hiérarchie;démolition
370;argent;pollution;démolition;sensibiliser;nature;réduction;chine;investissement
371;perte;camion;fer;sale;investissement;projet
372;pollution;arbre;engin;métal;voiture;téléphone;télévision;matin;soir
373;artificiel;démolition;perte;orienter;pollution;impact environnemental;montagne;arbre;eau;faune;insecte;lac;endémisme;fougère;voiture;mauvais;avenir;incertitude
374;emploi;pollution;perte;sale;fille;garçon
375;écologie;sécurité;durable;connecté
376;transformation;restauration écologique;partage;équité
377;économie;gestion
378;affaiblissement;démolition;alternative
379;énergie fossile;épuisable;dépassé;batterie;tesla;solution;alternative
380;développement;respect environnemental;épuisable;déclin;végétalisation;dette;entente
381;biodiversité;recyclage;relief;économie;respect
382;asséché;histoire;chômage
383;pollution;arrêt;chômage;économie;nouvelle-calédonie;problème
384;machine
385;concurrence;épuisable;fonds nickel;activité économique;énergie
386;ressource;emploi;technologie;épuisable;exploitation;impact environnemental;usine
387;épuisable;évolution;restauration écologique
388;pollution;énergie renouvelable;maladie
389;roue-pelle;démolition;serpentine;déforestation
390;perte;réduction;attention;projet;crise;impact environnemental;bulle;avenir;ressource
391;pollution;roche;inconnu;investissement;projet;arrêt;chaos;néant;système;monotone;déchet;dédommagement;bourse;dette;préservation;impact environnemental;endémisme;base
392;emploi;impact environnemental;ressource
393;emploi;perte;impact environnemental;responsabilité;maladie;sale;technologie;eau
394;emploi;revenu;voiture;investissement;projet;maison;terrain;cotisation;maladie
395;néant;surexploitation;déforestation
396;automatisation;indépendance;pollution;déchet
397;économie;emploi;dispute;corruption;trafigura;indépendance
398;pouvoir;richesse;jalousie;déchet;fumée;santé;maladie;accident;incendie;mort;incendie;division;échec;arrêt;déception;ruine;chômage
399;automatisation;dégradation;limité
400;respect environnemental;aménagement;durable;connecté;autonomie
401;démolition;impact environnemental;sacré;pollution
402;indispensable;matière première;végétalisation;automatisation
403;respect environnemental;fumée;économie;paysage;accroissement
404;impact environnemental;économie;accroissement;développement;déforestation
405;pollution;économie;revenu;régulation;indépendance
406;fin;érosion;pollution;problème;conflit
407;insuffisant;revenu;impact environnemental
408;solution écologique;automatisation;économie
409;insuffisant;argent
410;épuisable;plante;nouvelle ressource
411;durable;agriculture;irréel
412;amélioration
413;nouvelle technique
414;néant;néant;irréel
