mot 1;nb 1;mot 2;nb 2;mot 3;nb 3;mot 4;nb 4;mot 5;nb 5;mot 6;nb 6;mot 7;nb 7;mot 8;nb 8;mot 9;nb 9;mot 10;nb 10;mot 11;nb 11;mot 12;nb 12;mot 13;nb 13;mot 14;nb 14;mot 15;nb 15;mot 16;nb 16;mot 17;nb 17;mot 18;nb 18
pollution;34;pollution;27;pollution;15;pollution;15;économie;8;pollution;9;pollution;3;économie;4;environnement;2;pollution;1;adaptation;1;travail;1;ressource;1;emploi;2;poussière;1;environnement;1;avenir;1;incertain;1
environnement;10;économie;16;économie;8;emploi;10;pollution;7;environnement;8;énergie renouvelable;3;avenir;2;ressource;2;épuisement;1;international;1;épuisement;1;impact;1;fermeture;1;protection;1;nature;1;chômage;1;scientifique;1
ressource;10;environnement;9;ressource;7;économie;6;emploi;6;économie;6;entente;2;conflit;2;exploitation;2;politique;1;reboisement;1;destruction;1;échec;1;montagne;1;formation;1;fonds souverain;1;paix;1;base;1
fin;9;ressource;9;destruction;7;épuisement;5;environnement;4;emploi;5;montagne;2;emploi;2;écologie;2;indépendance;1;évolution;1;désintérêt;1;préoccupation;1;enfant;1;conscience;1;ruine;1;laboratoire;1;;
technologie;9;destruction;8;emploi;7;environnement;5;ressource;4;développement;3;environnement;2;déchet;2;réparation;2;conflit;1;impact;1;réhabilitation;1;machine;1;dette;1;implication;1;malade;1;voyage;1;;
épuisement;8;emploi;8;travail;6;conflit;5;reboisement;4;richesse;3;ressource;2;revégétalisation;2;fermeture;1;reboisement;1;déchet;1;caillou;1;économie durable;1;conscience environnementale;1;voiture;1;mauvais;1;endémique;1;;
montagne;7;impact;8;déforestation;6;développement;5;paysage;4;épuisement;2;avenir;2;gestion;1;pollution;1;fin;1;développement;1;responsabilité;1;formation;1;prime;1;déception;1;;;;;;
destruction;7;épuisement;7;environnement;5;richesse;5;projet;3;ressource;2;destruction;2;difficile;1;épuisement;1;préjudice;1;production;1;remboursement;1;bourse;1;fougère;1;;;;;;;;
inchangé;6;conflit;7;argent;5;disparition;5;conflit;3;nature;2;tourisme;2;environnement;1;projet;1;décentralisation;1;résilience;1;égalité;1;endettement;1;;;;;;;;;;
emploi;6;épuisable;6;épuisable;5;travail;4;richesse;3;indépendance;2;emploi;2;ressource;1;politique;1;rejet;1;mouvement;1;division;1;maintenance;1;;;;;;;;;;
impact;6;richesse;6;chômage;5;nickel;4;exploitation;3;conflit;2;enfant;2;destruction;1;argent;1;revalorisation;1;maladie;1;salaire;1;repos;1;;;;;;;;;;
développement;6;travail;5;gestion;4;ressource;4;déforestation;3;jeune;2;richesse;2;argent;1;emploi;1;métier à risque;1;déforestation;1;co2;1;endémisme;1;;;;;;;;;;
économie;5;énergie renouvelable;5;épuisement;4;projet;4;épuisement;2;évolution;2;usine;2;fin;1;durable;1;activité minière;1;solution;1;lac;1;;;;;;;;;;;;
épuisable;5;technologie;5;conflit;4;argent;4;montagne;2;changement;2;maladie;2;amélioration;1;innovation;1;exportation;1;scorie;1;;;;;;;;;;;;;;
durable;5;indépendance;4;problème;4;problème;3;rendement;2;chine;2;infrastructure;2;développement tribal;1;développement durable;1;minerai;1;grève;1;;;;;;;;;;;;;;
exploitation;5;reboisement;4;technologie;4;technologie;3;politique;2;santé;2;travail;1;développement durable;1;récif;1;batterie;1;interdiction;1;;;;;;;;;;;;;;
disparition;5;fin;4;richesse;4;chômage;3;évolution;2;tension;2;gestion;1;limité;1;sécurité;1;alternative énergétique;1;voiture hybride;1;;;;;;;;;;;;;;
perte;5;évolution;4;reforestation;4;exploitation;3;problème;2;produit fini;2;projet;1;exploitation;1;économie circulaire;1;valorisation;1;diplôme;1;;;;;;;;;;;;;;
travail;4;développement;4;montagne;3;enjeu;2;chômage;2;maison;2;économie;1;abandon;1;polémique;1;diagnostic;1;grade;1;;;;;;;;;;;;;;
rien;4;avenir;3;évolution;3;avenir;2;usine;2;gestion;1;conflit;1;disparition;1;conséquence;1;partage;1;insecte;1;;;;;;;;;;;;;;
indépendance;4;disparition;3;durable;3;nature;2;développement durable;2;enjeu;1;reboisement;1;réchauffement climatique;1;sidérurgie;1;réappropriation;1;incendie;1;;;;;;;;;;;;;;
reboisement;4;reforestation;3;énergie renouvelable;3;politique;2;pib;2;rationnalisation;1;évolution;1;famille;1;maladie;1;déprivatisation;1;;;;;;;;;;;;;;;;
amélioration;4;déforestation;3;développement;3;reboisement;2;écologie;2;après-nickel;1;image;1;redevance;1;exportation;1;drone;1;;;;;;;;;;;;;;;;
épuisé;4;surexploitation;3;disparition;3;enfant;2;sécurité;2;rebondissement;1;technologie;1;dégradation;1;batterie;1;taxe;1;;;;;;;;;;;;;;;;
automatisation;4;perte;3;dette;3;déchet;2;dégradation;2;pauvre;1;développement;1;référendum;1;sale;1;manifestation;1;;;;;;;;;;;;;;;;
robot;4;progrès;3;robot;3;diversification;2;batterie;2;arrêt;1;paysage;1;accroissement;1;découverte;1;véridique;1;;;;;;;;;;;;;;;;
écologique;4;plantation;3;impossible;2;abandon;2;biodiversité;2;vision;1;forêt;1;métallurgie;1;écosystème;1;avancée technologique;1;;;;;;;;;;;;;;;;
?;3;respect de l’environnement;3;extraction;2;terre;2;nouveau minerai;2;destruction;1;nouveau;1;or;1;remontée de gaz;1;mort;1;;;;;;;;;;;;;;;;
argent;3;gestion;2;avenir;2;épuisé;2;formation;2;projet;1;développement durable;1;exportation;1;formation;1;investir;1;;;;;;;;;;;;;;;;
écologie;3;montagne;2;tourisme;2;exportation;2;recherche;2;politique;1;acier;1;sous-produit;1;reconversion;1;noir;1;;;;;;;;;;;;;;;;
dégradation;3;pauvre;2;fin;2;sale;2;humain;2;reboisement;1;limité;1;batterie;1;diagnostic;1;animal;1;;;;;;;;;;;;;;;;
inexistant;3;arrêt;2;impact;2;corruption;2;voiture;2;balance;1;alternative;1;guerre civile;1;aménagement;1;monotone;1;;;;;;;;;;;;;;;;
vide;3;nickel;2;limité;2;connecté;2;pauvreté;2;fin;1;disparition;1;poussière;1;électronique;1;;;;;;;;;;;;;;;;;;
faillite;3;nature;2;technique;2;creusage;1;droit;1;impact;1;famille;1;sale;1;usoenc;1;;;;;;;;;;;;;;;;;;
aucune;3;projet;2;écologie;2;activité;1;indispensable;1;problème;1;échange;1;stabilité;1;purification;1;;;;;;;;;;;;;;;;;;
crise économique;3;international;2;commerce;2;montagne;1;enjeu;1;technologie;1;production;1;robot;1;restauration;1;;;;;;;;;;;;;;;;;;
pénurie;3;végétation;2;changement;2;répartition;1;concurrence;1;retombée;1;mal-être;1;vide;1;toxique;1;;;;;;;;;;;;;;;;;;
extraction;2;argent;2;machine;2;action;1;rien;1;bénéfice;1;chinois;1;chine;1;métal;1;;;;;;;;;;;;;;;;;;
arrêt;2;bénéfique;2;maladie;2;pauvre;1;après-nickel;1;diversification;1;technique;1;décharge;1;kanaky dawany;1;;;;;;;;;;;;;;;;;;
nickel;2;durable;2;risque;2;destruction;1;adaptation;1;amélioration;1;écologie;1;cafat;1;tôt;1;;;;;;;;;;;;;;;;;;
avenir;2;non-renouvelable;2;valeur;2;?;1;rivière;1;forêt;1;social;1;enquête;1;soir;1;;;;;;;;;;;;;;;;;;
conflit;2;problème;2;surexploitation;2;international;1;nouvelle-calédonie;1;association;1;cesser;1;remboursement;1;eau;1;;;;;;;;;;;;;;;;;;
évolution;2;développement durable;2;importation;2;indépendance;1;destruction;1;nouveau;1;immobile;1;économie sociale et solidaire;1;système;1;;;;;;;;;;;;;;;;;;
déchet;2;abandon;2;automatisation;2;évolution;1;nature;1;chaîne de production;1;logique;1;foreuse;1;feu;1;;;;;;;;;;;;;;;;;;
incertain;2;revenu;2;recyclage;2;impact;1;industrie;1;exploitation;1;augmentation;1;sentier touristique;1;;;;;;;;;;;;;;;;;;;;
paysage;2;production;2;rapide;2;durable;1;indépendance;1;malheur;1;changement;1;nouveauté;1;;;;;;;;;;;;;;;;;;;;
développement durable;2;dégradation;2;perte;2;abîmé;1;lagon;1;échange;1;charbon;1;réalisation;1;;;;;;;;;;;;;;;;;;;;
dégât;2;revégétalisation;2;rare;2;énergie renouvelable;1;argent;1;liens;1;inexistant;1;transport;1;;;;;;;;;;;;;;;;;;;;
revenu;2;machine;2;vide;2;crise;1;enfant;1;terre;1;exportation;1;patrimoine;1;;;;;;;;;;;;;;;;;;;;
complexe;2;robotisation;2;formation;2;agriculture;1;impact;1;nouvel ordre mondial;1;batterie;1;mort;1;;;;;;;;;;;;;;;;;;;;
reforestation;2;procédé;2;métier;2;amélioration;1;technologie;1;profit;1;sud;1;développé;1;;;;;;;;;;;;;;;;;;;;
danger;2;respectueux;2;partage;2;paysage;1;développement;1;énergie;1;poussière;1;construction;1;;;;;;;;;;;;;;;;;;;;
exportation;2;vert;2;projet lucy;2;expansion;1;demande;1;écologie;1;sale;1;ressource naturelle;1;;;;;;;;;;;;;;;;;;;;
surexploitation;2;aménagement;2;fermeture;1;reconnaissance;1;crise;1;sln;1;monde;1;différenciation sociale;1;;;;;;;;;;;;;;;;;;;;
biodiversité;2;mondialisation;2;entente;1;développement durable;1;diversification;1;dette;1;découverte;1;investir;1;;;;;;;;;;;;;;;;;;;;
propre;2;salaire;2;rien;1;dégât;1;innovation;1;dégradation;1;automatisation;1;fleur;1;;;;;;;;;;;;;;;;;;;;
évolution technologique;2;fermeture;1;activité;1;famille;1;nouveau;1;revégétalisation;1;progrès;1;arbre;1;;;;;;;;;;;;;;;;;;;;
respect;2;usine de doniambo;1;dépotoir;1;échange;1;dégât;1;hydrocarbure;1;faillite;1;matin;1;;;;;;;;;;;;;;;;;;;;
asséché;2;indispensable;1;rendement;1;employé;1;alternative;1;appauvrissement;1;esprit d’équipe;1;eau;1;;;;;;;;;;;;;;;;;;;;
éphémère;2;enjeu;1;repère;1;dominance;1;inconnu;1;menace;1;respect;1;cotisation;1;;;;;;;;;;;;;;;;;;;;
développer;2;rien;1;adaptation;1;énergie;1;culture;1;forme;1;aide;1;accident;1;;;;;;;;;;;;;;;;;;;;
pareil;2;après-nickel;1;arrêt;1;chinois;1;employé;1;machine;1;écosystème;1;;;;;;;;;;;;;;;;;;;;;;
nouvelle technique;2;poisson;1;nickel;1;déclin;1;coutumier;1;main d’oeuvre;1;caillou;1;;;;;;;;;;;;;;;;;;;;;;
automatisé;2;rendement;1;rivière;1;besoin;1;production;1;baisse;1;métier;1;;;;;;;;;;;;;;;;;;;;;;
respect de l’environnement;2;extraction;1;bien - mal;1;écologie;1;produit chimique;1;tranquillité;1;bourse;1;;;;;;;;;;;;;;;;;;;;;;
fermeture;1;tradition;1;industrie;1;rentable;1;énergie;1;charbon;1;capitalisme;1;;;;;;;;;;;;;;;;;;;;;;
impossible;1;flou;1;après-mine;1;sécurité;1;stratégie;1;mécanisation;1;réaménagement;1;;;;;;;;;;;;;;;;;;;;;;
indispensable;1;industrie;1;?;1;dégradation;1;pays;1;ges;1;économie verte;1;;;;;;;;;;;;;;;;;;;;;;
gestion;1;politique;1;indépendance;1;revégétalisation;1;quota;1;solution;1;performance;1;;;;;;;;;;;;;;;;;;;;;;
concurrence;1;fournisseur;1;reboisement;1;reforestation;1;réorientation;1;exportation;1;croissance;1;;;;;;;;;;;;;;;;;;;;;;
après-nickel;1;train;1;jeune;1;régulation;1;revégétalisation;1;minerai;1;voiture;1;;;;;;;;;;;;;;;;;;;;;;
après-mine;1;pérenne;1;enfant;1;augmentation;1;reforestation;1;nord;1;20 ans;1;;;;;;;;;;;;;;;;;;;;;;
projet;1;enfant;1;bénéfique;1;changement;1;appauvrissement;1;surexploitation;1;climat;1;;;;;;;;;;;;;;;;;;;;;;
politique;1;océan;1;non-renouvelable;1;mercantile;1;référendum;1;sale;1;transport;1;;;;;;;;;;;;;;;;;;;;;;
végétation;1;demandé;1;retombée;1;maladie;1;changement;1;découverte;1;visionnaire;1;;;;;;;;;;;;;;;;;;;;;;
thio;1;incertitude;1;incertitude;1;charbon;1;écoresponsable;1;condition de travail;1;biochimie;1;;;;;;;;;;;;;;;;;;;;;;
non-renouvelable;1;demande;1;bénéfice;1;valeur;1;maladie;1;propre;1;stable;1;;;;;;;;;;;;;;;;;;;;;;
énergie renouvelable;1;incertain;1;crise;1;mécanisation;1;ges;1;robot;1;barrage;1;;;;;;;;;;;;;;;;;;;;;;
problème;1;âge d’or;1;incertain;1;déforestation;1;exportation;1;industrialisation;1;choix;1;;;;;;;;;;;;;;;;;;;;;;
incertitude;1;innovation;1;paysage;1;entreprise;1;minerai;1;perdre;1;télévision;1;;;;;;;;;;;;;;;;;;;;;;
bénéfice;1;amélioration;1;nuisance;1;minerai;1;latérite;1;écosystème;1;bulle;1;;;;;;;;;;;;;;;;;;;;;;
crise;1;paysage;1;reconnaissance;1;hydrométallurgie;1;population;1;partenariat;1;chaos;1;;;;;;;;;;;;;;;;;;;;;;
innovation;1;déboisement;1;usine;1;batterie;1;robotisation;1;compagnie;1;terrain;1;;;;;;;;;;;;;;;;;;;;;;
province sud;1;association;1;dégât;1;koniambo;1;fonds pour les générations futures;1;raisonnable;1;;;;;;;;;;;;;;;;;;;;;;;;
richesse;1;nouveau;1;alternative;1;découverte;1;nouvelle technologie;1;énergie verte;1;;;;;;;;;;;;;;;;;;;;;;;;
perdition;1;chômage;1;prony resources;1;robotisation;1;procédé;1;autosuffisant;1;;;;;;;;;;;;;;;;;;;;;;;;
chômage;1;limité;1;exploitation;1;nouvelle mine;1;carrière;1;intérêt;1;;;;;;;;;;;;;;;;;;;;;;;;
usine;1;dégât;1;rapidité;1;local;1;respect;1;horaire;1;;;;;;;;;;;;;;;;;;;;;;;;
limité;1;alternative;1;société;1;perte;1;peuple;1;atout;1;;;;;;;;;;;;;;;;;;;;;;;;
matériau alternatif;1;exploitation;1;terre;1;abondance;1;aide;1;décroissance;1;;;;;;;;;;;;;;;;;;;;;;;;
prise de conscience;1;réchauffement climatique;1;bâtiment;1;expulsion;1;partenariat;1;conservation;1;;;;;;;;;;;;;;;;;;;;;;;;
récif;1;négatif;1;revenu;1;zone de travail;1;nouvelle machine;1;enrichissement;1;;;;;;;;;;;;;;;;;;;;;;;;
projection;1;employé;1;évoluer;1;chine;1;emploi non-qualifié;1;aucune;1;;;;;;;;;;;;;;;;;;;;;;;;
échange;1;cyclone;1;profit;1;bruyant;1;structure;1;bourse scolaire;1;;;;;;;;;;;;;;;;;;;;;;;;
pire;1;maléfique;1;sln;1;capital;1;écologique;1;futur;1;;;;;;;;;;;;;;;;;;;;;;;;
espoir;1;similitude;1;social;1;protection;1;énergie verte;1;eramet;1;;;;;;;;;;;;;;;;;;;;;;;;
malhonnêteté;1;chinois;1;sécurité;1;respect;1;vert;1;musée;1;;;;;;;;;;;;;;;;;;;;;;;;
profit;1;pib;1;dégradation;1;insécurité;1;important;1;personnel humain;1;;;;;;;;;;;;;;;;;;;;;;;;
grand;1;déclin;1;épuisé;1;présence;1;matérialiste;1;nouveau dispositif;1;;;;;;;;;;;;;;;;;;;;;;;;
estompage;1;vital;1;outil;1;formation;1;emblématique;1;restauration écologique;1;;;;;;;;;;;;;;;;;;;;;;;;
pib;1;écologie;1;appauvrissement;1;traitement;1;ouvrier;1;charbon vert;1;;;;;;;;;;;;;;;;;;;;;;;;
déclin;1;pays;1;danger;1;caillou;1;basculer;1;nouveau métier;1;;;;;;;;;;;;;;;;;;;;;;;;
survivre;1;commerce;1;main d’oeuvre;1;modernisation;1;bien-être;1;cher;1;;;;;;;;;;;;;;;;;;;;;;;;
échec;1;sécurité;1;continuation;1;santé;1;fonds souverain;1;matière;1;;;;;;;;;;;;;;;;;;;;;;;;
rentable;1;épuisé;1;solution;1;énergie verte;1;opportunité;1;matériel;1;;;;;;;;;;;;;;;;;;;;;;;;
inutile;1;meilleure exploitation;1;raréfaction;1;naturel;1;convoitise;1;fer;1;;;;;;;;;;;;;;;;;;;;;;;;
transition énergétique;1;transformation;1;pyrométallurgique;1;égoïste;1;individuel;1;secteur à développer;1;;;;;;;;;;;;;;;;;;;;;;;;
régulation;1;changement;1;empreinte carbone;1;échange international;1;non durable;1;moins;1;;;;;;;;;;;;;;;;;;;;;;;;
transformation;1;rejet;1;biodiversité;1;respect environnemental;1;changement total;1;téléphone;1;;;;;;;;;;;;;;;;;;;;;;;;
machine;1;obsolescence;1;condition de travail;1;embargo;1;crise économique;1;garçon;1;;;;;;;;;;;;;;;;;;;;;;;;
écoresponsable;1;explosif;1;efficacité;1;juste;1;véhicule;1;;;;;;;;;;;;;;;;;;;;;;;;;;
utilisation;1;inexistant;1;automate;1;ouverture;1;mafia;1;;;;;;;;;;;;;;;;;;;;;;;;;;
revalorisation;1;minerai;1;évolution écologique;1;recherche;1;délocalisation;1;;;;;;;;;;;;;;;;;;;;;;;;;;
maladie;1;garniérite;1;mineur;1;remplaçable;1;promesse d’embauche;1;;;;;;;;;;;;;;;;;;;;;;;;;;
valeur;1;réhabilitation;1;croissance économique;1;responsabilité;1;défaillance;1;;;;;;;;;;;;;;;;;;;;;;;;;;
raréfaction;1;population;1;diversité;1;travailleur;1;engin;1;;;;;;;;;;;;;;;;;;;;;;;;;;
minerai;1;automatisation;1;respect;1;uniformisation;1;qualité;1;;;;;;;;;;;;;;;;;;;;;;;;;;
accessibilité;1;eau traitée;1;aide;1;atout;1;pessimiste;1;;;;;;;;;;;;;;;;;;;;;;;;;;
batterie;1;condition de travail;1;valorisation;1;coopération;1;réflexion;1;;;;;;;;;;;;;;;;;;;;;;;;;;
réhabilitation;1;recyclage;1;organisation;1;potentiel;1;rentabilité;1;;;;;;;;;;;;;;;;;;;;;;;;;;
interrogation;1;mine de matériau;1;actif;1;multiculturel;1;ressource insuffisante;1;;;;;;;;;;;;;;;;;;;;;;;;;;
stabilité;1;robot;1;revente;1;multinationale;1;électricité;1;;;;;;;;;;;;;;;;;;;;;;;;;;
découverte;1;abondance;1;modernisation;1;prévention;1;compréhension;1;;;;;;;;;;;;;;;;;;;;;;;;;;
plus assez;1;mine;1;défaitiste;1;retrait;1;respect de l’environnement;1;;;;;;;;;;;;;;;;;;;;;;;;;;
plus rien;1;finance;1;écologique;1;utile;1;alternative écologique;1;;;;;;;;;;;;;;;;;;;;;;;;;;
robotisation;1;rachat;1;manque;1;mondialisation;1;nouveau secteur;1;;;;;;;;;;;;;;;;;;;;;;;;;;
mine énergétique;1;vide;1;extinction;1;essor;1;roche;1;;;;;;;;;;;;;;;;;;;;;;;;;;
point fort;1;avantage;1;ouvrier;1;économie verte;1;investir;1;;;;;;;;;;;;;;;;;;;;;;;;;;
avantage;1;évolution technologique;1;investissement;1;transition écologique;1;village;1;;;;;;;;;;;;;;;;;;;;;;;;;;
nouvelle technologie;1;protection;1;diminution;1;consommation écologique;1;foncier;1;;;;;;;;;;;;;;;;;;;;;;;;;;
grandir;1;ralentissement;1;responsabilité;1;exploitation raisonnée;1;informer;1;;;;;;;;;;;;;;;;;;;;;;;;;;
moderne;1;asséché;1;surface;1;restructuration;1;fille;1;;;;;;;;;;;;;;;;;;;;;;;;;;
protection;1;formation;1;vieillot;1;précision;1;tesla;1;;;;;;;;;;;;;;;;;;;;;;;;;;
ralentissement;1;valorisation;1;tension;1;pessimisme;1;trafigura;1;;;;;;;;;;;;;;;;;;;;;;;;;;
insécurité;1;traitement;1;site minier;1;réorganiser;1;fumée;1;;;;;;;;;;;;;;;;;;;;;;;;;;
persiste;1;autonomie;1;reconversion;1;mer;1;autonome;1;;;;;;;;;;;;;;;;;;;;;;;;;;
présente;1;caillou;1;fédération;1;plus de mine;1;agrandissement;1;;;;;;;;;;;;;;;;;;;;;;;;;;
lumineux;1;écologique;1;atout;1;société minière;1;souveraineté;1;;;;;;;;;;;;;;;;;;;;;;;;;;
manque;1;efficace;1;stage;1;projet lucy;1;;;;;;;;;;;;;;;;;;;;;;;;;;;;
impact écologique;1;anti-pollution;1;mixte;1;budget;1;;;;;;;;;;;;;;;;;;;;;;;;;;;;
inexploitable;1;ouvrier;1;désaccord;1;technique de travail;1;;;;;;;;;;;;;;;;;;;;;;;;;;;;
instabilité;1;recherche géologique;1;contrainte;1;patrimoine;1;;;;;;;;;;;;;;;;;;;;;;;;;;;;
investissement;1;kns;1;personne;1;stable;1;;;;;;;;;;;;;;;;;;;;;;;;;;;;
vale;1;abus;1;étude d’impact;1;métal;1;;;;;;;;;;;;;;;;;;;;;;;;;;;;
diminution;1;secondaire;1;non durable;1;high design;1;;;;;;;;;;;;;;;;;;;;;;;;;;;;
obsolète;1;vol;1;aménagement;1;guerre;1;;;;;;;;;;;;;;;;;;;;;;;;;;;;
responsabilité;1;infrastructure;1;utile;1;saleté;1;;;;;;;;;;;;;;;;;;;;;;;;;;;;
reconversion;1;reconversion;1;frein;1;rongeur;1;;;;;;;;;;;;;;;;;;;;;;;;;;;;
schéma minier;1;scorie;1;crise économique;1;tâche;1;;;;;;;;;;;;;;;;;;;;;;;;;;;;
produit fini;1;titre minier;1;crise emploi;1;investir;1;;;;;;;;;;;;;;;;;;;;;;;;;;;;
cessation;1;bourse;1;assèchement;1;quart;1;;;;;;;;;;;;;;;;;;;;;;;;;;;;
fini;1;pollué;1;surconsommation;1;restreindre;1;;;;;;;;;;;;;;;;;;;;;;;;;;;;
désaccord;1;pareil;1;production propre;1;micro-entreprise;1;;;;;;;;;;;;;;;;;;;;;;;;;;;;
ruine;1;ruine;1;exploitation raisonnée;1;accord;1;;;;;;;;;;;;;;;;;;;;;;;;;;;;
après-exploitation;1;forestation;1;identification;1;sensibiliser;1;;;;;;;;;;;;;;;;;;;;;;;;;;;;
désastre;1;commerce extérieur;1;lithium;1;orienter;1;;;;;;;;;;;;;;;;;;;;;;;;;;;;
carence;1;liquidation;1;engin;1;équité;1;;;;;;;;;;;;;;;;;;;;;;;;;;;;
crayon;1;crise économique;1;performant;1;chute;1;;;;;;;;;;;;;;;;;;;;;;;;;;;;
progrès technique;1;économie verte;1;néfaste;1;activité économique;1;;;;;;;;;;;;;;;;;;;;;;;;;;;;
engin;1;propreté;1;néant;1;réinvestissement;1;;;;;;;;;;;;;;;;;;;;;;;;;;;;
invention;1;nouveau procédé;1;voiture;1;réglementation;1;;;;;;;;;;;;;;;;;;;;;;;;;;;;
voiture;1;délocalisation;1;polluant;1;;;;;;;;;;;;;;;;;;;;;;;;;;;;;;
polluant;1;division;1;appropriation;1;;;;;;;;;;;;;;;;;;;;;;;;;;;;;;
positif;1;progrès technique;1;voiture électrique;1;;;;;;;;;;;;;;;;;;;;;;;;;;;;;;
capital étranger;1;cours;1;redistribution;1;;;;;;;;;;;;;;;;;;;;;;;;;;;;;;
économiser la ressource;1;insuffisant;1;rééquilibrage;1;;;;;;;;;;;;;;;;;;;;;;;;;;;;;;
misère;1;renforcement;1;engin d’extraction;1;;;;;;;;;;;;;;;;;;;;;;;;;;;;;;
assurance d’emploi;1;technicien;1;inondation;1;;;;;;;;;;;;;;;;;;;;;;;;;;;;;;
projet lucy;1;valeur économique;1;engin hybride;1;;;;;;;;;;;;;;;;;;;;;;;;;;;;;;
gestion des déchets;1;plus de mine;1;détournement;1;;;;;;;;;;;;;;;;;;;;;;;;;;;;;;
plante hyperaccumulatrice;1;projet lucy;1;mort;1;;;;;;;;;;;;;;;;;;;;;;;;;;;;;;
avancement;1;transport;1;terre détruite;1;;;;;;;;;;;;;;;;;;;;;;;;;;;;;;
restauration;1;énergie durable;1;avancé;1;;;;;;;;;;;;;;;;;;;;;;;;;;;;;;
secteur économique;1;rentabilité;1;nouveau matériau;1;;;;;;;;;;;;;;;;;;;;;;;;;;;;;;
mine locale;1;botanique;1;air polluée;1;;;;;;;;;;;;;;;;;;;;;;;;;;;;;;
utopie;1;irréel;1;pilier économique;1;;;;;;;;;;;;;;;;;;;;;;;;;;;;;;
correct;1;développé;1;création;1;;;;;;;;;;;;;;;;;;;;;;;;;;;;;;
sans avenir;1;technique moderne;1;investir;1;;;;;;;;;;;;;;;;;;;;;;;;;;;;;;
réchauffement;1;énergie non-renouvelable;1;heure;1;;;;;;;;;;;;;;;;;;;;;;;;;;;;;;
nouveau paysage;1;nouvelle construction;1;ailleurs;1;;;;;;;;;;;;;;;;;;;;;;;;;;;;;;
innovant;1;pauvreté;1;fer;1;;;;;;;;;;;;;;;;;;;;;;;;;;;;;;
tapis roulant;1;dédommagement;1;racheteur;1;;;;;;;;;;;;;;;;;;;;;;;;;;;;;;
malédiction;1;honneur;1;préservation;1;;;;;;;;;;;;;;;;;;;;;;;;;;;;;;
exploitation durable;1;réduire;1;dépassé;1;;;;;;;;;;;;;;;;;;;;;;;;;;;;;;
prix;1;entraide;1;relief;1;;;;;;;;;;;;;;;;;;;;;;;;;;;;;;
durabilité;1;durée;1;fonds nickel;1;;;;;;;;;;;;;;;;;;;;;;;;;;;;;;
responsable;1;moins;1;rénovation;1;;;;;;;;;;;;;;;;;;;;;;;;;;;;;;
artificiel;1;camion;1;serpentine;1;;;;;;;;;;;;;;;;;;;;;;;;;;;;;;
affaiblissement;1;arbre;1;attention;1;;;;;;;;;;;;;;;;;;;;;;;;;;;;;;
énergie fossile;1;sûr;1;aucune idée;1;;;;;;;;;;;;;;;;;;;;;;;;;;;;;;
roue-pelle;1;anéantissement;1;dispute;1;;;;;;;;;;;;;;;;;;;;;;;;;;;;;;
pouvoir;1;ancien;1;jalousie;1;;;;;;;;;;;;;;;;;;;;;;;;;;;;;;
solution écologique;1;fumée;1;lieu sacré;1;;;;;;;;;;;;;;;;;;;;;;;;;;;;;;
;;matière première;1;agrandissement;1;;;;;;;;;;;;;;;;;;;;;;;;;;;;;;
;;érosion;1;nouvelle ressource;1;;;;;;;;;;;;;;;;;;;;;;;;;;;;;;
;;plante;1;;;;;;;;;;;;;;;;;;;;;;;;;;;;;;;;
