1;pollution;inondation;boom;emploi;retombée
2;richesse;malédiction;emploi;démolition;histoire;frein;blocage;coutumier
4;emploi;pollution;plainte
5;argent;pollution;nickel;production;nature;restauration écologique;océan;inégalité
6;exploitation;montagne;pollution;mineur;train;biodiversité;évolution
7;pollution;nickel;argent;océan;camion
8;centre minier;village;économie;production;emploi;impact environnemental;revenu
9;camion;contracteur;roche;terre rouge;géologie;laboratoire;perle;argent;emploi;aide
10;emploi;impact environnemental;pollution;aide;végétalisation;porte d’entrée;inondation
11;mine;industrie;terre
12;mine;commune minière;pollution;terre rouge;démolition;camion;nickel;usine;industrialisation;érosion;emploi
13;mine;camion;pollution
14;économie;emploi;exploitation;international;sln;nouvelle-calédonie;pollution;terre
15;pollution;emploi;camion;exploitation;opportunité
16;pollution
17;industrie;mine;richesse;patrimoine;nouvelle-calédonie;ressource
19;économie;démolition;pollution;évolution;civilisation;dépendance;santé
20;argent;pollution;emploi;tradition
21;économie;impact environnemental;pollution;richesse;problème;revendication;investissement
22;mine;économie;produit;autonomie;préservation;problème;nouvelle-calédonie;projet
23;argent;économie;végétalisation
24;argent;dangereux
25;aide;argent;éducation
26;bénéfice;économie;minéralier;main d’oeuvre;enjeu;international
27;emploi;pollution;blocage
28;usine du sud;conflit;pollution;projet
29;économie;ressource;développement;pollution;impact environnemental;évolution
30;emploi;revenu;impact environnemental;positif - négatif
31;mine;bilan;tribu;argent;impact environnemental;enfant;dépendance
32;argent;économie;condition de vie;richesse;emploi
33;poussière;nature;pollution;paysage;impact environnemental;emploi
34;minerai;ressource;richesse;emploi;pollution;exploitation;démolition;amélioration;développement
35;problème;emploi;conflit;impact environnemental;économie;emploi
36;richesse;nouvelle-calédonie;polyvalent;flexible;revenu;emploi;éloignement;ressource;dégradation;pollution;reconnaissance
37;développement;tribu;pollution;usine du sud;outil;prix à payer;aide;intégration
38;pollution;argent;foncier;conflit;ressource
39;impact environnemental;pollution;corruption;monopole;hypocrisie;compromis;famille;conflit;choix;retombée
41;camion;poussière;pollution;emploi;positif - négatif;impact environnemental
42;produit;camion;pelle;pollution
43;pollution;économie;argent;emploi;division;dépendance
44;terre;mine;montagne
46;développement;pollution;emploi;division;tourisme;école
47;emploi;impact environnemental;dégât;changement
48;impact environnemental;nature;pollution;emploi
49;ferraille;prospection;fer;usine de doniambo;terre;fabrication;lien social
50;conflit;revenu;nature;pollution;argent
51;mondialisation;impact environnemental;mauvais;conseil tribal;océan;changement;impact environnemental
52;emploi;division;développement;impact environnemental
53
54;richesse;nickel
55;propriété;puissance;redistribution;arrêt;reconnaissance;poisson;vol;contentieux
56;impact environnemental;pollution;nature;montagne;économie
57;économie;nuisance;inondation;montagne;dégât;démolition;profite;agriculture
58;richesse
59;grand;usine du sud
60;sln;mineur;minerai
61;terre rouge;nickel;four;province nord;usine;badge;epi
62;nickel;camion;chantier;emploi;épuisable;argent
63;nickel;camion;minerai
65;pollution;aide
67;minerai;usine;main d’oeuvre;camion;maquis minier;bateau;végétalisation
68;emploi;indispensable;symbole;pollution
69;nickel;usine du nord;vkp;nouvelle-calédonie;cheminée;histoire;échange international;santé
70;pioche;nickel;mineur;teneur;usine;main d’oeuvre
71;impact environnemental;carrière;terre rouge;fer;minerai;nickel;usine;camion;mine;mine d’or
72;maquis minier;emploi
73;sud;garniérite;roche;économie;sln;faillite;géologie
74;nickel;argent;fer;terre;nature;pollution;montagne;économie
76;emploi;engin;terre
77;nature;montagne
81;pollution;richesse;écologie;démolition;montagne;bouleversement
82;nickel;minerai;emploi;transformation;recherche;pollution;dangereux;problème;économie
83;richesse;démolition;emploi;écologie;végétalisation;négociation;emploi;pollution
84;érosion;déforestation;économie;impact environnemental;épuisable;main d’oeuvre;dépendance;sponsor
85;nickel;usine;usine du sud;ressource;investissement;pollution;montagne;déforestation;camion
86;conflit;dégradation;ressource;enjeu;entente;empire
87;nickel;économie
88;démolition;argent;compromis
89;exploitation;dégradation;exploitation;énergie;enjeu;érosion
90;revenu;déforestation;érosion;division;paysage;déchet;épuisable
91;industrie;production;nickel;exploitation;échange international;minerai;exploitation;vente;interaction;emploi;politique;long-terme;dangereux;impact environnemental;enjeu
92;nature;impact environnemental;industrie;matière première;ftn;pollution;dégradation;richesse;emploi;enjeu;emploi;commerce;développement;fossile
93;camion;usine;centrale;exploitation;engin;traitement;sln;prony resources;minéralier;dégât;nickel;convoyeur;transformation;ciel ouvert
94;exploitation;impact environnemental;écologie;bénéfice;minerai;gisement;tertiaire;politique;épuisable;transformation;milieu;impact environnemental;déforestation
95;exploitation;minerai;chantier;mineur;nickel;usine;matière première;gisement;métallurgie;métallurgie;sécurité;paysage;impact environnemental
96;impact environnemental;impact environnemental;activité minière;explosion;maladie;richesse;main d’oeuvre;manipulation;délicatesse;écologie;risque;démolition;pollution;exploitation;charbon
97;impact environnemental;économie;emploi;paysage;partout;nouvelle-calédonie;conflit;exportation;sln;vale;tapis roulant;minéralier
98;nickel;commerce;port;échange international;usine;matière première;minerai;ressource;fer;exportation;impact environnemental;sln;emploi
99;terre rouge;nickel;usine;emploi;exportation;exploitation;procédé;institution;matière première;rachat;conflit;déforestation;ressource fossile
100;exploitation;nickel;industrie;cours;jules garnier;mine;ressource;impact environnemental;colas;transformation
101;paysage;ressource;impact environnemental;économie;exploitation;entreprise;dégradation;épuisable
102;charbon;terre;main d’oeuvre;emploi;métal;montagne;déforestation
103;pollution;poussière;impact environnemental;développement économique;développement économique;richesse;convoitise;développement territorial;pouvoir;revendication;lobby;exonération;avantage fiscal
104;sln;kns;usine du sud;garniérite;économie;usine;scorie;métallurgie;industrie;enercal;fumée;emploi;sous-traitant;nickel
105;usine;chantier;minerai;ressource;poussière;chaleur;sale;mineur;important;pollution;pollution;appauvrissement;économie;activité minière
106;développement;gestion;long-terme;investissement;politique;richesse;impact environnemental;sécurité;mondialisation;exaction;avenir;métal rares;ftn;france
107;nickel;usine du sud;sln;richesse;ressource;importation;transport;impact environnemental;économie
108;obscure;dangereux;mal payé;étroit
109;minerai;exploitation;exploitation;nickel
110;montagne;roche;camion;pollution;richesse;sln
111;exploitation;crayon;exploitation;ressource;minerai;dangereux;déforestation;appauvrissement;camion;biodiversité;pollution;eau salubre;éboulement
112;nouvelle-calédonie;extinction;main d’oeuvre
113;sln;usine du sud;chantier;hydrocarbure
114;roche;montagne;vert;hydrocarbure
115;minerai;usine;nickel;exportation;importation;emploi;prospection;exploitation;transformation
116;nickel;souterrain;pelle
117;nickel;exploitation;usine;minerai;roche;montagne;tractopelle
118;nickel;sln;montagne;camion;creuser;déforestation;maquis minier;économie
119;nickel;économie;non-renouvelable
120;roche;économie;nickel;difficile;équipe;emploi
121;usine;sln;usine du sud;économie;dégât;nickel
122;machine;terre;pollution
123;ressource;camion;main d’oeuvre;emploi;nickel;conflit;nature;enjeu
124;minerai;usine;emploi;marchandise;pollution;bateau
125;sln;terre rouge;nickel;nord;scorie;camion;eramet;usine du nord;enjeu;important
126;sln;usine du sud;yaté;mineur;conflit;vale
127;nickel;sud;richesse;grève;investissement
128;grotte;entreprise;arme;or;militaire;nickel;main d’oeuvre;transport
129;nickel;main d’oeuvre;pollution;impact environnemental;camion;économie;conflit;exportation
130;nickel;main d’oeuvre;argent;économie;machine;exportation;conflit;terre;pollution;emploi
131;nickel;déforestation;développement;pollution;emploi
132;nickel;garniérite;richesse;déclin;instable;inox;déforestation
133;roche;territoire;roche;latérite;garniérite;emploi;chantier;bloc;investigation;bénéfice;main d’oeuvre;exploitation;exportation;conflit
134;nickel;richesse;exportation;emploi;creuser;vente;échange international;exploitation;minerai;compliquer;avantage fiscal;roche;camion;nord;usine
135;exportation;richesse;exploitation;minerai;roulement;éboulement;risque
136;économie;pollution
137;minerai;ressource;emploi;international;économie;tension
138;carrière;exploitation;nickel;emploi;sln;fraude
139;nickel;emploi;indépendance;conflit;exploitation;dangereux;pays exploité
140;montagne;serpentine;terre;tristesse;emploi;poussière;traitement;sln
141;carrière;nickel;charbon;exploitation;ressource;tunnel;mineur;métal;transformation;impact environnemental;bruit;difficile
142;emploi;main d’oeuvre;économie;dangereux;matériau;revenu;amélioration;sécurité;pollution;conséquence
143;pollution;sale;impact environnemental;fumée;souterrain;accident;emploi;main d’oeuvre
144;or;diamant;argent
145;argent;conflit;usine du sud;indépendance;pollution;emploi
146;terre;montagne;camion;pollution;développement;économie;nickel
147;nickel;argent;emploi;nature;développement;richesse;nouvelle-calédonie;paysage;population;pollution;faune;flore;minéralier;endémisme;main d’oeuvre
148;pib;emploi;économie;impact environnemental
149;terre rouge;terre;roche;roche;nature;camion;pelle;roue;père;gilet;chaussure de sécurité;sln;usine;vale;kns
150;camion;minerai;changement;sln;géologie;bateau
151;main d’oeuvre;main d’oeuvre;esclavagisme;dangereux;risque;poussière
152;nickel;richesse;ressource
153;charbon;nickel;carrière;pelle;terre rouge;chantier;minerai;pollution;montagne;usine du sud
154;nickel;sln;métallurgie;usine du nord;vale;smsp;investissement;revendication;non-renouvelable;richesse;exportation
155;sln;montagne;économie;déforestation;érosion
156;montagne;minerai;nickel;impact environnemental;convoyeur;sécurité;économie
157;main d’oeuvre;gestion;dangereux;horaire
158;emploi;crayon;précieux;matériau;pioche;minecraft;grotte;wagonnet;obscure;casque;roche
159;exploitation;nickel;compagnie minière;ressource;emploi;emploi;traitement;vente;exportation
160;nickel;nouvelle-calédonie;exploitation;entreprise;enjeu;argent;géopolitique;stratégique;emploi qualifié;emploi non-qualifié
161;camion;minerai;démolition;argent;engin;nickel;emploi;montagne
162;maquis minier;fer rubané;nickel;mine;gimli;usine du sud;acide;scorie;terre rouge;sln
163;minerai;ressource;matière première;nickel;or;charbon;mineur;ges;emploi
164;usine;minerai;charbon;pollution;industrie;main d’oeuvre;énergie
165;nickel;usine du sud;forage;ressource économique;conflit;déforestation;emploi
166;exploitation;ressource;économie;pillage;babylone
167;richesse;ressource;usine;marché
168;exploitation;prospection;valorisation
169;nickel;sln;camion;pollution;développement;exploitation;impact environnemental;impact environnemental;exportation
170;revenu;problème;conflit;emploi;richesse;argent;pollution
171;minerai;changement;nature;nickel;déforestation;roche;emploi
172;nickel;ressource;pollution;dégradation;impact environnemental;politique
173;économie;impact environnemental;politique;exportation;nickel;usine
174;exploitation;richesse;impact environnemental;économie;expérience scientifique;conflit;débat;emploi
175;nickel;sln;smsp;pouvoir;argent;richesse;coutumier;politique;colonisation;montagne;ancêtre;valorisation;convoitise;stratégique;jules garnier
176;nickel;emploi;vkp;économie;impact environnemental;sln;richesse;enjeu
177;érosion;pollution;déforestation;économie;emploi;conflit;richesse;sécheresse;démolition;éboulement;explosion;déformation;écosystème
178;emploi;érosion;avenir;dette;nickel;ressource;pollution;questionnement
179;ressource;nickel;économie;local;exportation;commerce;analyse;minerai
180;roche;nickel;grotte;argent;exportation;source
181;roche;impact environnemental;nickel;incendie;traitement;exploitation;convertissement;industrie;usine;main d’oeuvre;exploitation
182;impact environnemental;politique;géologie;économie;emploi;sécurité
183;développement;économie;impact environnemental;emploi;épuisable;nickel
184;économie;impact environnemental;relation internationale;recherche;emploi
185;vale;kns;sln
186;richesse;pollution;développement;industrie;conflit
187;nickel;métal;sln;usine du nord;vale;emploi;usine du sud;ressource naturelle;boom;charbon
188;ressource;main d’oeuvre;roche;exploitation
189;minerai;sln;nickel;économie;pouvoir;conflit;démolition;ouverture
190;nickel;sln;terre;exploitation;main d’oeuvre;entreprise
191;richesse;ressource;exploitation
192;richesse;économie;terre;impact environnemental;nickel;développement durable;nature
193;ressource;matière première;engin;importation;main d’oeuvre;bateau;tapis roulant;serpentine;terre rouge;scorie;conséquence
194;fer;camion;montagne;ressource;batterie;pollution;sln;scorie
195;argent;développement;richesse;conflit
196;revenu;économie;impact environnemental;grève;vol;identité
197;main d’oeuvre;roche;or;richesse;recherche
198;pioche;terre;obscure;emploi;chaleur;casque;lampe;lunette;tenue
199;chantier;machine;ressource naturelle;usine;marché;commerce;flux;argent;technologie;exportation;terre;développement
200;roche;tunnel;machine;main d’oeuvre;obscure;minerai;emploi;ressource
201;nature;emploi;richesse;usine;latérite;garniérite;développement;pollution;économie;terre rouge
202;terre;richesse;nickel;emploi;dangereux;recherche
203;emploi;économie;impact environnemental
204;nickel;sln;usine du sud;tiébaghi;népoui;thio;ressource;minerai
205;camion;minerai;nickel;ressource;paysage
206;poumon;famille;ressource
207;terre;propriété;argent;consommation;sacré;indispensable;richesse;exploitation;valorisation
208;terre;pollution;usine;climat;main d’oeuvre;emploi;dangereux;démolition
209;or;outil;obscure;obscure;bruit;argent;économie;différence;difficile;épuisant
210;camion;nickel;montagne;machine;main d’oeuvre;casque;gilet
211;conflit;amélioration;nickel;emploi;sln;corée;province nord;province sud;terre rouge
212;emploi;nickel;démolition;engin;fer;usine du sud;houaïlou;exploitation;conflit
213;schéma minier;usine du sud;smsp;ballande;nmc;eramet;richesse;offshore;exploitation;dividende;investissement;emploi;ruamm
214;nickel;terre rouge;nature;sln;nmc;emploi;corée;conflit
215;terre rouge;engin;montagne;nickel;acheminement;produit fini;casque
216;usine du sud;pollution;exploitation;usine;vale;minerai;camion;nickel;montagne;conflit
217;usine du sud;nickel;sln;scorie;développement;industrie;politique;argent;emploi;impact environnemental;terre rouge;enjeu
218;matière première;emploi;investissement;économie fictive;conflit;richesse;malédiction;scorie;roche;pollution;impact environnemental
219;camion;érosion;nature;ressource;matière;déforestation;roche
220;pollution;démolition;nickel;richesse;usine du sud;conflit;emploi;impact environnemental
221;roche;nickel;exploitation
222;emploi;pollution;exploitation
223;roche;nickel;usine du sud;terre;main d’oeuvre;nouvelle-calédonie
224;nickel;emploi;ressource;usine;avenir;extinction;déforestation;paysage;pollution
225;exploitation;infrastructure;impact environnemental;emploi;espèce en voie de disparition;revenu
226;terre rouge;engin;ressource
227;emploi;richesse;exploitation;ressource;terre
228;emploi;nord;terre rouge;terre;nickel;entreprise;pollution
229;nickel;terre rouge;usine du nord;usine du sud;poro;côte ouest;cobalt;fer;carrière;problème écologique;économie;grève;syndicat
230;exploitation;impact environnemental;déforestation;roche;terre rouge;granite;nickel;richesse;économie;industrie;mineur;sln;usine du sud;poro;vavouto
231;nickel;inox;garniérite;vale;usine du nord;camion;terre rouge;usine du nord;pib;démolition;développement;enercal
232;argent;engin;terre rouge;arbre;arbre;eau;ponctualité;lieu;quantité;terre;famille;emploi;santé;avenir;respect
233;nickel;terre rouge;emploi;pollution;démolition;surexploitation;corruption;fausse dépendance;politisé;intérêt commun;conflit;apport;biodiversité;économie
234;exploitation;richesse;terre;économie;impact environnemental;dégradation;valorisation;économie;emploi;conflit;rentabilité
235;exploitation;impact environnemental;aménagement;usine;traitement;exportation;camion;économie;développement;impact environnemental;démolition;pollution;emploi;conflit;politique
236;main d’oeuvre;revenu;ressource;démolition
237;richesse;emploi;terre;nickel;pollution;démolition
238;or;nickel;richesse;terre;souterrain;exploitation;commerce international;ressource naturelle
239;démolition;richesse;déforestation;pollution;glissement de terrain;main d’oeuvre;usine;machine;chauffeur
240;pollution;démolition;catastrophe;catastrophe;économie;emploi;réchauffement climatique;incendie;extinction
241;emploi;revenu;pôle attractif;conflit;pollution;économie
242;usine;main d’oeuvre;richesse;accroissement;décroissance;relation internationale;impact environnemental;dangereux;secteur;hiérarchie;dégradation
243;ressource;exploitation;camion;boue;problème;économie;ftn;terre coutumière;montagne
244;économie;tradition;politique;désaccord
245;exploitation;démolition;pollution;endémisme;économie;emploi;non viable;conflit
246;montagne;économie;emploi;nature;terre rouge;vert;nickel;pollution
247;démolition;boue;pollution;économie;richesse
248;pollution;richesse;minerai;usine du nord;yaté;camion;exportation;emploi;métal
249;emploi;économie;industrie;métallurgie;yaté;véhicule;conflit;nickel;sln;emploi;souterrain
250;boom;nickel;argent;conflit
251;nickel;usine;minerai;dette;profit;pollution
252;nickel;revenu;paysage;syndicat;convoitise;pollution;challenge écologique
253;crayon;paysage;surexploitation;pollution;emploi;mafia;ftn
254;nickel;pollution;modernisation;capitalisation;accroissement;démolition;exportation;population;influence;ville;maladie;délocalisation;identité;politique;nature
255;prospection;impact environnemental;avenir;montagne;verdure;végétalisation;usine;nickel;pollution
256;économie;emploi;lithium;écologie;pollution
257;montagne;démolition;nature;engin;rivière;plante endémique;maquis minier;minerai;argent;exploitation;échange international;bourse
258;atelier;exploitation;géologie;intérimaire;évolution;nickel;sln;promesse d’embauche;forêt sèche;grève;gisement;usine;métallurgie;engin;démolition
259;économie;emploi;non-renouvelable;conflit;désaccord;éboulement;accident;pistonnage;horaire;promesse d’embauche;abus;désabusé;démolition
260;nickel;montagne;machine;usine;explosion;camion
261;impact environnemental;écosystème;pollution;économie;emploi
262;richesse;emploi;pollution;dégradation;conflit;identité;rééquilibrage;épuisable
263;exploitation;démolition;minerai;montagne;terre;emploi;pollution
264;minerai;nickel;épuisable;pollution;énergie fossile;usine;four;électricité
265;économie;développement;impact environnemental;emploi;engin;végétalisation;centrale à charbon;centrale hydraulique;pollution;accroissement;érosion;ruissellement;récif;nickel;endémisme
266;économie;revenu;emploi;ressource;pollution;végétalisation;pillage
267;nickel;montagne;mineur;sln
268;camion;emploi;casque;pollution;corail;usine;démolition;bateau
269;camion;engin;eau;minerai;mineur;cuivre;usine;charbon;exploitation;géologue;casque
270;impact environnemental;érosion;engravement;lagon;matière;dégradation;santé;ressource;développement durable;accroissement;eau;air polluée;économie positive;emploi;condition de vie
271;roche;machine;montagne;métal;minerai;ressource
272;terre rouge;enfant;montagne;déforestation;mort;roche;nickel;diamant;surexploitation;emploi
273;minerai;nickel;or;exploitation
274;roche;travail forcé;poussière;maladie;7 nains;nickel;pollution;accident;creuser;trou;échantillon;terre rouge;eau;paysage;impact environnemental
275;paysage;production;économie;usine;minerai;exploitation;exportation;engin;impact environnemental;pollution;terre;roche;montagne;pioche;mineur
276;montagne;roche;roche;terre rouge;recherche;découverte
277;minerai;terre;ressource;exploitation;mineur;alchimie;mort;les évènements;emploi
278;nickel;mineur;roche;terre;montagne;pollution;valeur économique
279;jade;minerai;nickel;terre exploitée;changement;projet lucy;vale;économie;usine;résidu;blocage;terre;richesse;végétalisation;impact environnemental
280;terre rouge;industrie;machine;économie;pollution;minerai;mineur;vale;ftn;yaté;exploitation
281;nickel;roche;roche;territoire;exploitation;transformation
282;érosion;déforestation;pollution;argent;paysage;poussière;emploi
283;nickel;or;camion;fer;terre
284;usine;nickel;camion
285;commerce;industrie;dégât;pollueur;grand;exportation;charbon;chine;porte-conteneur;mondialisation
286;camion;chargement;terre;chauffeur;bateau
287;démolition;impact environnemental;emploi
288;pollution;danger environnemental;emploi;projet lucy;incompétence;accident;conflit;manque de matériau;bombe;responsabilité;inconscience
289;nickel;métallurgie;métallurgie;production;profit;nature;économie;érosion;toxicité;maladie;chaleur;pollution;emploi;conflit;dispensable
290;minerai;emploi;thio;népoui;terre rouge;camion;pollution;épuisable;démolition;produit
291;nickel;argent;commerce;batterie;argent;flnks;uc;uni;privilège;chine;économie
292;nickel;déforestation;érosion;pollution;économie;emploi;impact environnemental;gestion;explosion;maladie;épuisable
293;écologie;sln;capitalisme;économie;richesse;impact environnemental;érosion;impact environnemental;emploi;nickel;avenir;épuisable;déforestation
294;ressource;enjeu économique;propriété;nickel
295;nickel;argent;emploi;économie;camion;pollution;projet;terre;impact environnemental
296;pollution;déforestation;économie;problème;kns
297;nickel;transformation;emploi;économie;impact environnemental
298;nickel;pollution;emploi;usine du sud
299;économie;emploi;montagne;problème foncier;richesse;vavouto;sln;engin;usine;nickel
300;nickel;économie;impact environnemental;pollution;démolition;machine;dépense;production;rentabilité;gestion;minerai;énergie fossile;érosion;paysage;manque de réflexion
301;nickel;chrome;pollution;déforestation;déchet;démolition;boue;économie;emploi;maladie;productivité;rentabilité;gestion
302;nickel;pollution;emploi;productivité;économie;impact environnemental;épuisable;énergie fossile;gestion;explosion;maladie;minerai;érosion;biodiversité;rentabilité
303;minerai;nord;sln;nickel;impact environnemental;camion;pollution;économie;érosion;emploi;projet lucy;épuisable
304;nickel;scorie;camion;soufre;four;usine;économie;pollution;emploi;épuisable;érosion;énergie;projet lucy
305;nickel;pollution;économie;productivité;emploi;maladie;fonctionnement;centrale;usine;explosion;victime;impact environnemental;démolition;choix;gestion
306;démolition;géologie;nickel;emploi;impact environnemental;emploi;paysage
307;vale;montagne;déforestation;emploi;pollution
308;nickel;camion;carrière;main d’oeuvre;sécurité;roche;vale
309;nickel;emploi;camion;terre
310;pollution;argent;emploi;écologie;yaté;sln;nickel;usine du nord;tiébaghi;eramet
311;richesse;terre;montagne;rivière;roche;usine;métallurgie;conflit;terrain;compromis
312;minerai;exploitation;démolition;prélèvement;nickel;métal;pollution;rivière rouge;dégât;fortune;inégalité
313;emploi;richesse;démolition;impact environnemental
314;montagne;nickel;camion;déforestation;tiébaghi;tapis roulant;usine
315;roche;exploitation;camion;pollution;exportation;impact environnemental;sln;terre;nickel
316;roche;or;diamant;nickel;argent;richesse;camion;exportation
317;terre;emploi;pollution;démolition;population;impact environnemental;ressource;avenir;conflit;argent
318;minerai;or;argent;bronze;sln;roche;grotte;charbon;main d’oeuvre;engin d’extraction;nickel;déforestation;pollution;transport
319;déforestation;bénéfice;emploi;pollution;conflit;débat
320;pioche;roche;minerai;grotte;nickel;tunnel;roche
321;nickel;serpentine;érosion;pollution;sln;vkp;kouaoua;thio;usine;camion;engin;montagne;minerai
322;usine;roche;camion;terre;yaté;pollution;démolition;forêt;minerai;espèce;argent
323;usine;minerai;roche;nickel;importation;exportation;économie;impact environnemental;démolition
324;emploi;économie;industrie;dégradation;nickel;pollution;exploitation;exportation;diplomatie
325;minerai;pollution;nickel;sln;changement;minéralier;camion;terre;économie;vavouto;four;politique;exploitation;emploi
326;économie;exploitation;pollution;politique;tension;emploi
327;nickel;emploi;pollution;argent;développement
328;emploi;projet;industrie;dégradation;déchet
329;emploi;industrialisation;gueule noire;explosion;guerre civile;arme;charbon;condition de travail;hygiène;revenu;esclavagisme
330;exploitation;démolition;ressource;argent;emploi
331;instabilité;infrastructure;impact environnemental;terre;pouvoir;ressource
332;exploitation;territoire;pollution;impact environnemental
333;terre;impact environnemental;matériel;exportation;bateau
334;richesse;économie;terre exploitée;important;tension;emploi;politique;diplomatie;argent;déforestation;pollution;infrastructure;développement;chômage
335;minerai;exploitation;usine;pollution;développement;avancé;opportunité;argent;montagne;roche;emploi;richesse;non-renouvelable;métal
336;roche;camion;richesse;terre;ouaco;nickel;bateau;impact environnemental;emploi;déforestation;sécheresse;vavouto;métal;usine du nord;exportation
337;nickel;montagne;pollution;richesse;usine;métallurgie;développement;tourisme
338;flore;terre coutumière;nickel;dépendance;richesse;fer
339;impact environnemental;impact environnemental;richesse;épuisable;classe sociale;cher;camion;articuler
340;terre rouge;nickel;minerai;or;argent;bronze;fabrication;scorie
341;nickel;charbon;camion;roche;or;aluminium;terre;économie
342;nickel;économie;france;ican;blocage;impact environnemental;développement durable;emploi
343;nickel;montagne;cristal;richesse;nouvelle-calédonie;évolution;fer;terre;réchauffement climatique;charbon;infrastructure;position géographique;avenir;pollution
344;nickel;sln;terre;montagne;camion;bénéfice;déforestation;cheminée
345;exploitation;matériel;entreprise;transport;conflit;accident;revenu
346;terre;difficile;tenue;sécurité;condition de travail;ressource;démolition
347;impact environnemental;pollution;richesse;emploi
348;camion;ressource;nickel;usine;chaudière
349;camion;usine;nickel;économie;pollution;machine;emploi
350;nickel;camion;non-renouvelable;économie;sécurité
351;roche;vert;sln;creuser;emploi;pioche;camion;prospection;ressource;commerce;nature;lourd;main d’oeuvre
352;camion;explosion;végétalisation;traitement;latérite;ciel ouvert;éboulement
353;chine;politique;dépendance;économie;emploi;spécialisé;crise;nickel;impact environnemental;endémisme;flore;montagne;terre coutumière
354;usine;charbon;hydrocarbure;machine;vapeur;camion;terre;cheminée;exploitation;minerai;gaz;métal
355;nickel;rapport;emploi;pollution;démolition;impact environnemental
356;nickel;argent;sale;tenue;camion;garçon;fille;permis;pollution;impact environnemental;obèse;poussière;eau;arbre
357;nickel;argent;tenue;engin;garçon;fille;effort;connaissance;terrain;terre rouge;exploitation;incendie;voiture;arbre;démolition
358;rapport;terre rouge;argent;sale;pollution;démolition;terrain;emploi
359;impact environnemental;ressource;faune;emploi;économie;pollution;sous-traitant;énergie
360;nickel;vavouto;tiébaghi;minerai;argent;emploi;usine
361;richesse;indispensable;impact environnemental;usine;exportation;importation;appauvrissement
362;ressource;exploitation;conflit;terre;trafigura
363;usine;pollution;exploitation;dégradation;richesse;nickel;non-renouvelable
364;latérite;garniérite;impact environnemental;exploitation;nickel;échelle
365;économie;emploi;nickel;pollution;glissement de terrain;éboulement;exportation;concurrent;production;minerai;réserve minière;boom;sln;paysage;restauration écologique
366;nickel;garniérite;exploitation;impact environnemental;pollution;perturbation;conséquence
367;usine du sud;nickel;vente;tension;ressource;chaos;violence;progrès;industrie durable;incompréhension;ressource mondiale;faillite;emploi
368;pollution;impact environnemental;industrie;emploi;gestion;développement;démolition
369;argent;emploi;sale;terre rouge;tôt;camion;impact environnemental;famille;terrain;arbre
370;prospérité;argent;emploi;engin;partiel;démolition;terre rouge;sale
371;nickel;projet;argent;emploi;sécurité;terrain;arbre;pollution;emploi;repos;nuit;montagne;terre rouge;route;bénéfice
372;nickel;emploi;terre;terre rouge;montagne;centre minier;projet
373;terre rouge;arbre;sale;engin;nuit;matériel;permis;diplôme;responsabilité;jeune;garçon;fille;argent;montagne;route
374;nickel;terre rouge;sale;argent;engin;camion;permis;force
375;économie;nickel;jules garnier;granite;gisement;charbon;pollution
376;richesse;partage;profit;développement;impact environnemental;pollution
377;économie;impact environnemental;conflit
378;emploi;pollution;conflit;ressource;épuisable;production;usine;outil;exploitation;commerce;matière première;développement;abîmé;impact environnemental;construction
379;prony resources;vkp;garniérite;latérite;massif minier;dang;minéralier;coutumier;cobalt;tesla;blocage;tombereau;rééquilibrage;smsp
380;économie;roche;outil;ressource;exploitation;déforestation;camion;rivière rouge;dette;conflit
381;économie;pollution;industrie;emploi;éducation;gestion
382;emploi;richesse;histoire
383;sln;nickel;impact environnemental;économie;emploi;nouvelle-calédonie;pollution;réchauffement climatique
384;impact environnemental;vale;emploi;ressource économique
385;activité économique;emploi;fiscalité;pollution;déforestation;érosion;scorie;produit;poussière;végétalisation;pépinière;éducation;aide;ftn
386;usine;emploi;économie;impact environnemental;exploitation;exploitation
387;pollution;emploi;économie;politique;développement
388;fumée;pollution;production;électricité;mécanique;maintenance;sln
389;tombereau;tapis roulant;bulldozer;forage;roue-pelle;nickel;déforestation;exploitation
390;nickel;emploi;impact environnemental;argent;sale;camion;homme;femme;permis;investissement;préservation;végétalisation
391;richesse;économie;emploi;pollution;ressource;impact environnemental;échec;production;valorisation;qualité;long-terme;projet;avenir;crise
392;nickel;exploitation;camion;déforestation;impact environnemental;dangereux;usine du sud;montagne;emploi;main d’oeuvre
393;emploi;emploi;nourriture;camion;métal;assiette;voiture;arbre;arbre;eau;montagne;route;hauteur;nickel;fer
394;nickel;sale;argent;impact environnemental;engin;matériel;montagne;terrasse
395;roche;roche;emploi;exploitation;déforestation
396;nickel;emploi;investissement;pollution;bateau;transport;indépendance
397;économie;usine;impact environnemental;emploi
398;impact environnemental;terrain;projet;choix;lieu;démolition;machine;terrassement;engin;construction;matériel;usine;directeur;infrastructure;bâtiment
399;nickel;pollution;dimenc;minerai;stérile;altérite
400;exploitation;souterrain;poussière;effondrement
401;emploi;richesse;stable;matériel;propriété
402;industrie;pollution;déforestation;emploi;nickel;végétalisation;chimie;fumée;grand;sécurité
403;roche;industrie;sln;fumée;terre rouge;vert;démolition;richesse;emploi
404;nickel;industrie;économie;impact environnemental;pollution;sln;fumée;jules garnier
405;déficit;revenu;nickel;économie;pollution;démolition
406;impact environnemental;terre;rivière;océan;biodiversité;richesse;économie;conflit
407;argent;nickel;emploi;chantier;importation
408;nickel;difficile;impact environnemental;économie;emploi
409;argent;emploi;pollution;conflit
410;kanak;blocage;argent;déforestation;emploi;pollution;dette
411;sale;emploi;pollution;déchet
412;nickel;mineur;usine du sud;terre rouge;calamine
413;camion;roche;sud
414;pioche;nickel;pollution;emploi;emploi;production
