1;pollution;dégradation environnementale;nouvelle-calédonie;travail;économie
2;nickel;ressource minière;travail;dégradation environnementale;nouvelle-calédonie;ressource minière;politique;nouvelle-calédonie
4;travail;pollution;politique
5;économie;pollution;nickel;secteur nickel;nature;amélioration environnementale;nature;société néo-calédonienne
6;exploitation minière;dégradation environnementale;pollution;travail;nouvelle-calédonie;nature;alternative au développement
7;pollution;nickel;économie;nature;matériel
8;foncier;nouvelle-calédonie;économie;secteur nickel;travail;dégradation environnementale;économie
9;matériel;matériel;nickel;nature;ressource minière;ressource minière;ressource minière;économie;travail;relation politique
10;travail;dégradation environnementale;pollution;relation politique;amélioration environnementale;nouvelle-calédonie;dégradation environnementale
11;industrie;industrie;nature
12;industrie;foncier;pollution;nature;dégradation environnementale;matériel;nickel;industrie;industrie;dégradation environnementale;travail
13;industrie;matériel;pollution
14;économie;travail;exploitation minière;relation politique;secteur nickel;nouvelle-calédonie;pollution;nature
15;pollution;travail;matériel;exploitation minière;secteur nickel
16;pollution
17;industrie;industrie;nickel;alternative au développement;nouvelle-calédonie;ressource minière
19;économie;dégradation environnementale;pollution;alternative au développement;société néo-calédonienne;relation politique;pollution
20;économie;pollution;travail;nouvelle-calédonie
21;économie;dégradation environnementale;pollution;nickel;politique;politique;économie
22;industrie;économie;secteur nickel;nouvelle-calédonie;amélioration environnementale;politique;nouvelle-calédonie;alternative au développement
23;économie;économie;amélioration environnementale
24;économie;risque
25;relation politique;économie;secteur nickel
26;économie;économie;échange commercial;travail;politique;relation politique
27;travail;pollution;politique
28;industrie;politique;pollution;alternative au développement
29;économie;ressource minière;alternative au développement;pollution;dégradation environnementale;alternative au développement
30;travail;économie;dégradation environnementale;politique
31;industrie;politique;nouvelle-calédonie;économie;dégradation environnementale;société néo-calédonienne;relation politique
32;économie;économie;société néo-calédonienne;nickel;travail
33;pollution;nature;pollution;dégradation environnementale;dégradation environnementale;travail
34;nickel;ressource minière;nickel;travail;pollution;exploitation minière;dégradation environnementale;amélioration environnementale;alternative au développement
35;politique;travail;politique;dégradation environnementale;économie;travail
36;nickel;nouvelle-calédonie;travail;travail;économie;travail;société néo-calédonienne;ressource minière;dégradation environnementale;pollution;nouvelle-calédonie
37;alternative au développement;nouvelle-calédonie;pollution;industrie;matériel;politique;relation politique;société néo-calédonienne
38;pollution;économie;foncier;politique;ressource minière
39;dégradation environnementale;pollution;politique;secteur nickel;politique;politique;société néo-calédonienne;politique;politique;économie
41;matériel;pollution;pollution;travail;politique;dégradation environnementale
42;secteur nickel;matériel;matériel;pollution
43;pollution;économie;économie;travail;politique;relation politique
44;nature;industrie;dégradation environnementale
46;alternative au développement;pollution;travail;politique;alternative au développement;secteur nickel
47;travail;dégradation environnementale;dégradation environnementale;dégradation environnementale
48;dégradation environnementale;nature;pollution;travail
49;ressource minière;ressource minière;ressource minière;industrie;nature;secteur nickel;société néo-calédonienne
50;politique;économie;nature;pollution;économie
51;relation politique;dégradation environnementale;société néo-calédonienne;nouvelle-calédonie;nature;dégradation environnementale;dégradation environnementale
52;travail;politique;alternative au développement;dégradation environnementale
53
54;nickel;nickel
55;foncier;nouvelle-calédonie;société néo-calédonienne;avenir sans nickel;nouvelle-calédonie;nature;relation politique;politique
56;dégradation environnementale;pollution;nature;dégradation environnementale;économie
57;économie;pollution;dégradation environnementale;dégradation environnementale;dégradation environnementale;dégradation environnementale;secteur nickel;alternative au développement
58;nickel
59;industrie;industrie
60;secteur nickel;travail;nickel
61;nature;nickel;industrie;foncier;industrie;matériel;matériel
62;nickel;matériel;exploitation minière;travail;ressource minière;économie
63;nickel;matériel;nickel
65;pollution;relation politique
67;nickel;industrie;travail;matériel;nature;échange commercial;amélioration environnementale
68;travail;secteur nickel;nouvelle-calédonie;pollution
69;nickel;industrie;foncier;nouvelle-calédonie;industrie;nouvelle-calédonie;relation politique;pollution
70;matériel;nickel;travail;ressource minière;industrie;travail
71;dégradation environnementale;travail;nature;ressource minière;nickel;nickel;industrie;matériel;industrie;nouvelle-calédonie
72;nature;travail
73;nouvelle-calédonie;nickel;nickel;économie;secteur nickel;secteur nickel;ressource minière
74;nickel;économie;ressource minière;nature;nature;pollution;dégradation environnementale;économie
76;travail;matériel;nature
77;nature;dégradation environnementale
81;pollution;nickel;amélioration environnementale;dégradation environnementale;dégradation environnementale;dégradation environnementale
82;nickel;nickel;travail;dégradation environnementale;ressource minière;pollution;risque;politique;économie
83;nickel;dégradation environnementale;travail;amélioration environnementale;amélioration environnementale;relation politique;travail;pollution
84;dégradation environnementale;dégradation environnementale;économie;dégradation environnementale;ressource minière;travail;relation politique;relation politique
85;nickel;industrie;industrie;ressource minière;économie;pollution;dégradation environnementale;dégradation environnementale;matériel
86;politique;dégradation environnementale;ressource minière;politique;politique;relation politique
87;nickel;économie
88;dégradation environnementale;économie;politique
89;exploitation minière;dégradation environnementale;exploitation minière;politique;politique;dégradation environnementale
90;économie;dégradation environnementale;dégradation environnementale;politique;dégradation environnementale;pollution;ressource minière
91;industrie;secteur nickel;nickel;exploitation minière;relation politique;nickel;exploitation minière;échange commercial;société néo-calédonienne;travail;politique;avenir avec nickel;risque;dégradation environnementale;politique
92;nature;dégradation environnementale;industrie;nickel;échange commercial;pollution;dégradation environnementale;nickel;travail;politique;travail;échange commercial;alternative au développement;ressource minière
93;matériel;industrie;politique;exploitation minière;matériel;secteur nickel;secteur nickel;secteur nickel;échange commercial;dégradation environnementale;nickel;matériel;dégradation environnementale;industrie
94;exploitation minière;dégradation environnementale;amélioration environnementale;économie;nickel;ressource minière;échange commercial;politique;ressource minière;dégradation environnementale;foncier;dégradation environnementale;dégradation environnementale
95;exploitation minière;nickel;exploitation minière;travail;nickel;industrie;nickel;ressource minière;industrie;industrie;risque;dégradation environnementale;dégradation environnementale
96;dégradation environnementale;dégradation environnementale;secteur nickel;exploitation minière;pollution;nickel;travail;politique;société néo-calédonienne;amélioration environnementale;risque;dégradation environnementale;pollution;exploitation minière;exploitation minière
97;dégradation environnementale;économie;travail;dégradation environnementale;secteur nickel;nouvelle-calédonie;politique;échange commercial;secteur nickel;secteur nickel;matériel;échange commercial
98;nickel;échange commercial;échange commercial;relation politique;industrie;nickel;nickel;ressource minière;ressource minière;échange commercial;dégradation environnementale;secteur nickel;travail
99;nature;nickel;industrie;travail;échange commercial;exploitation minière;secteur nickel;politique;nickel;relation politique;politique;dégradation environnementale;ressource minière
100;exploitation minière;nickel;industrie;ressource minière;nouvelle-calédonie;industrie;ressource minière;dégradation environnementale;échange commercial;dégradation environnementale
101;dégradation environnementale;ressource minière;dégradation environnementale;économie;exploitation minière;échange commercial;dégradation environnementale;ressource minière
102;exploitation minière;nature;travail;travail;secteur nickel;dégradation environnementale;dégradation environnementale
103;pollution;pollution;dégradation environnementale;alternative au développement;alternative au développement;nickel;relation politique;alternative au développement;politique;politique;politique;économie;économie
104;secteur nickel;secteur nickel;industrie;nickel;économie;industrie;industrie;industrie;industrie;politique;industrie;travail;secteur nickel;nickel
105;industrie;exploitation minière;nickel;ressource minière;pollution;politique;pollution;travail;secteur nickel;pollution;pollution;société néo-calédonienne;économie;secteur nickel
106;alternative au développement;secteur nickel;avenir avec nickel;économie;politique;nickel;dégradation environnementale;risque;relation politique;société néo-calédonienne;avenir sans nickel;nickel;échange commercial;relation politique
107;nickel;industrie;secteur nickel;nickel;ressource minière;échange commercial;secteur nickel;dégradation environnementale;économie
108;industrie;risque;travail;industrie
109;nickel;exploitation minière;exploitation minière;nickel
110;dégradation environnementale;nickel;matériel;pollution;nickel;secteur nickel
111;exploitation minière;non classé;exploitation minière;ressource minière;nickel;risque;dégradation environnementale;société néo-calédonienne;matériel;nature;pollution;amélioration environnementale;dégradation environnementale
112;nouvelle-calédonie;dégradation environnementale;travail
113;secteur nickel;industrie;exploitation minière;exploitation minière
114;nickel;dégradation environnementale;nickel;exploitation minière
115;nickel;industrie;nickel;échange commercial;échange commercial;travail;ressource minière;exploitation minière;dégradation environnementale
116;nickel;industrie;matériel
117;nickel;exploitation minière;industrie;nickel;nickel;dégradation environnementale;matériel
118;nickel;secteur nickel;dégradation environnementale;matériel;exploitation minière;dégradation environnementale;nature;économie
119;nickel;économie;ressource minière
120;nickel;économie;nickel;travail;travail;travail
121;industrie;secteur nickel;industrie;économie;dégradation environnementale;nickel
122;matériel;nature;pollution
123;ressource minière;matériel;travail;travail;nickel;politique;nature;politique
124;nickel;industrie;travail;échange commercial;pollution;échange commercial
125;secteur nickel;nature;nickel;nouvelle-calédonie;industrie;matériel;secteur nickel;industrie;politique;secteur nickel
126;secteur nickel;industrie;foncier;travail;politique;secteur nickel
127;nickel;nouvelle-calédonie;nickel;politique;économie
128;industrie;échange commercial;politique;exploitation minière;nouvelle-calédonie;nickel;travail;secteur nickel
129;nickel;travail;pollution;dégradation environnementale;matériel;économie;politique;échange commercial
130;nickel;travail;économie;économie;matériel;échange commercial;politique;nature;pollution;travail
131;nickel;dégradation environnementale;alternative au développement;pollution;travail
132;nickel;nickel;nickel;avenir sans nickel;économie;secteur nickel;dégradation environnementale
133;nickel;nouvelle-calédonie;nickel;nickel;nickel;travail;exploitation minière;exploitation minière;politique;économie;travail;exploitation minière;échange commercial;politique
134;nickel;nickel;échange commercial;travail;exploitation minière;échange commercial;relation politique;exploitation minière;nickel;politique;économie;nickel;matériel;nouvelle-calédonie;industrie
135;échange commercial;nickel;exploitation minière;nickel;travail;dégradation environnementale;risque
136;économie;pollution
137;nickel;ressource minière;travail;relation politique;économie;politique
138;travail;exploitation minière;nickel;travail;secteur nickel;politique
139;nickel;travail;nouvelle-calédonie;politique;exploitation minière;risque;société néo-calédonienne
140;dégradation environnementale;matériel;nature;société néo-calédonienne;travail;pollution;secteur nickel;secteur nickel
141;travail;nickel;exploitation minière;exploitation minière;ressource minière;industrie;travail;secteur nickel;dégradation environnementale;dégradation environnementale;pollution;travail
142;travail;travail;économie;risque;secteur nickel;économie;amélioration environnementale;risque;pollution;dégradation environnementale
143;pollution;pollution;dégradation environnementale;industrie;industrie;risque;travail;travail
144;exploitation minière;exploitation minière;économie
145;économie;politique;industrie;nouvelle-calédonie;pollution;travail
146;nature;dégradation environnementale;matériel;pollution;alternative au développement;économie;nickel
147;nickel;économie;travail;nature;alternative au développement;nickel;nouvelle-calédonie;dégradation environnementale;société néo-calédonienne;pollution;nature;nature;échange commercial;nature;travail
148;économie;travail;économie;dégradation environnementale
149;nature;nature;nickel;nickel;nature;matériel;matériel;matériel;société néo-calédonienne;matériel;matériel;secteur nickel;industrie;secteur nickel;secteur nickel
150;matériel;nickel;dégradation environnementale;secteur nickel;ressource minière;échange commercial
151;travail;travail;travail;risque;risque;pollution
152;nickel;nickel;ressource minière
153;exploitation minière;nickel;travail;matériel;nature;exploitation minière;nickel;pollution;dégradation environnementale;industrie
154;nickel;secteur nickel;industrie;industrie;secteur nickel;secteur nickel;économie;politique;ressource minière;nickel;échange commercial
155;secteur nickel;dégradation environnementale;économie;dégradation environnementale;dégradation environnementale
156;dégradation environnementale;nickel;nickel;dégradation environnementale;matériel;risque;économie
157;travail;secteur nickel;risque;travail
158;travail;non classé;nickel;secteur nickel;matériel;non classé;industrie;matériel;industrie;matériel;nickel
159;exploitation minière;nickel;secteur nickel;ressource minière;travail;travail;secteur nickel;échange commercial;échange commercial
160;nickel;nouvelle-calédonie;exploitation minière;échange commercial;politique;économie;relation politique;ressource minière;travail;travail
161;matériel;nickel;dégradation environnementale;économie;matériel;nickel;travail;dégradation environnementale
162;nature;ressource minière;nickel;industrie;non classé;industrie;secteur nickel;industrie;nature;secteur nickel
163;nickel;ressource minière;nickel;nickel;exploitation minière;exploitation minière;travail;dégradation environnementale;travail
164;industrie;nickel;exploitation minière;pollution;industrie;travail;politique
165;nickel;industrie;ressource minière;ressource minière;politique;dégradation environnementale;travail
166;exploitation minière;ressource minière;économie;secteur nickel;nouvelle-calédonie
167;nickel;ressource minière;industrie;échange commercial
168;exploitation minière;ressource minière;ressource minière
169;nickel;secteur nickel;matériel;pollution;alternative au développement;exploitation minière;dégradation environnementale;dégradation environnementale;échange commercial
170;économie;politique;politique;travail;nickel;économie;pollution
171;nickel;dégradation environnementale;nature;nickel;dégradation environnementale;nickel;travail
172;nickel;ressource minière;pollution;dégradation environnementale;dégradation environnementale;politique
173;économie;dégradation environnementale;politique;échange commercial;nickel;industrie
174;exploitation minière;nickel;dégradation environnementale;économie;ressource minière;politique;politique;travail
175;nickel;secteur nickel;secteur nickel;politique;économie;nickel;nouvelle-calédonie;politique;nouvelle-calédonie;dégradation environnementale;nouvelle-calédonie;ressource minière;relation politique;ressource minière;nouvelle-calédonie
176;nickel;travail;foncier;économie;dégradation environnementale;secteur nickel;nickel;politique
177;dégradation environnementale;pollution;dégradation environnementale;économie;travail;politique;nickel;dégradation environnementale;dégradation environnementale;dégradation environnementale;exploitation minière;dégradation environnementale;nature
178;travail;dégradation environnementale;avenir sans nickel;économie;nickel;ressource minière;pollution;politique
179;ressource minière;nickel;économie;nouvelle-calédonie;échange commercial;échange commercial;ressource minière;nickel
180;nickel;nickel;industrie;économie;échange commercial;économie
181;nickel;dégradation environnementale;nickel;risque;secteur nickel;exploitation minière;nickel;industrie;industrie;travail;exploitation minière
182;dégradation environnementale;politique;ressource minière;économie;travail;risque
183;alternative au développement;économie;dégradation environnementale;travail;ressource minière;nickel
184;économie;dégradation environnementale;relation politique;ressource minière;travail
185;secteur nickel;secteur nickel;secteur nickel
186;nickel;pollution;alternative au développement;industrie;politique
187;nickel;secteur nickel;secteur nickel;industrie;secteur nickel;travail;industrie;ressource minière;nouvelle-calédonie;exploitation minière
188;ressource minière;travail;nickel;exploitation minière
189;nickel;secteur nickel;nickel;économie;politique;politique;dégradation environnementale;relation politique
190;nickel;secteur nickel;nature;exploitation minière;travail;échange commercial
191;nickel;ressource minière;exploitation minière
192;nickel;économie;nature;dégradation environnementale;nickel;alternative au développement;nature
193;ressource minière;nickel;matériel;échange commercial;travail;échange commercial;matériel;matériel;nature;industrie;dégradation environnementale
194;ressource minière;matériel;dégradation environnementale;ressource minière;secteur nickel;pollution;secteur nickel;industrie
195;économie;alternative au développement;nickel;politique
196;économie;économie;dégradation environnementale;politique;relation politique;société néo-calédonienne
197;travail;nickel;exploitation minière;nickel;ressource minière
198;matériel;nature;industrie;travail;politique;matériel;matériel;matériel;matériel
199;exploitation minière;matériel;ressource minière;industrie;échange commercial;échange commercial;échange commercial;économie;essor technologique;échange commercial;nature;alternative au développement
200;nickel;industrie;matériel;travail;industrie;nickel;travail;ressource minière
201;nature;travail;nickel;industrie;nickel;nickel;alternative au développement;pollution;économie;nature
202;nature;nickel;nickel;travail;risque;ressource minière
203;travail;économie;dégradation environnementale
204;nickel;secteur nickel;industrie;foncier;foncier;foncier;ressource minière;nickel
205;matériel;nickel;nickel;ressource minière;dégradation environnementale
206;secteur nickel;société néo-calédonienne;ressource minière
207;nature;foncier;économie;société néo-calédonienne;nouvelle-calédonie;secteur nickel;nickel;exploitation minière;ressource minière
208;nature;pollution;industrie;dégradation environnementale;travail;travail;risque;dégradation environnementale
209;exploitation minière;matériel;industrie;industrie;pollution;économie;économie;travail;travail;travail
210;matériel;nickel;dégradation environnementale;matériel;travail;matériel;matériel
211;politique;amélioration environnementale;nickel;travail;secteur nickel;relation politique;foncier;nouvelle-calédonie;nature
212;travail;nickel;dégradation environnementale;matériel;ressource minière;industrie;foncier;exploitation minière;politique
213;foncier;industrie;secteur nickel;secteur nickel;secteur nickel;secteur nickel;nickel;secteur nickel;exploitation minière;économie;économie;travail;pollution
214;nickel;nature;nature;secteur nickel;secteur nickel;travail;relation politique;politique
215;nature;matériel;dégradation environnementale;nickel;secteur nickel;secteur nickel;matériel
216;industrie;pollution;exploitation minière;industrie;secteur nickel;nickel;matériel;nickel;dégradation environnementale;politique
217;industrie;nickel;secteur nickel;industrie;alternative au développement;industrie;politique;économie;travail;dégradation environnementale;nature;politique
218;nickel;travail;économie;économie;politique;nickel;ressource minière;industrie;nickel;pollution;dégradation environnementale
219;matériel;dégradation environnementale;nature;ressource minière;nickel;dégradation environnementale;nickel
220;pollution;dégradation environnementale;nickel;nickel;industrie;politique;travail;dégradation environnementale
221;nickel;nickel;exploitation minière
222;travail;pollution;exploitation minière
223;nickel;nickel;industrie;nature;travail;nouvelle-calédonie
224;nickel;travail;ressource minière;industrie;avenir sans nickel;dégradation environnementale;dégradation environnementale;dégradation environnementale;pollution
225;exploitation minière;foncier;dégradation environnementale;travail;dégradation environnementale;économie
226;nature;matériel;ressource minière
227;travail;nickel;exploitation minière;ressource minière;nature
228;travail;nouvelle-calédonie;nature;nature;nickel;échange commercial;pollution
229;nickel;nature;industrie;industrie;secteur nickel;nouvelle-calédonie;nickel;ressource minière;travail;dégradation environnementale;économie;politique;société néo-calédonienne
230;exploitation minière;dégradation environnementale;dégradation environnementale;nickel;nature;exploitation minière;nickel;nickel;économie;industrie;travail;secteur nickel;industrie;secteur nickel;foncier
231;nickel;secteur nickel;nickel;secteur nickel;industrie;matériel;nature;industrie;économie;dégradation environnementale;alternative au développement;politique
232;économie;matériel;nature;nature;nature;pollution;travail;foncier;secteur nickel;nature;société néo-calédonienne;travail;pollution;avenir sans nickel;nouvelle-calédonie
233;nickel;nature;travail;pollution;dégradation environnementale;ressource minière;politique;nouvelle-calédonie;politique;politique;politique;économie;nature;économie
234;exploitation minière;nickel;nature;économie;dégradation environnementale;dégradation environnementale;ressource minière;économie;travail;politique;secteur nickel
235;exploitation minière;dégradation environnementale;foncier;industrie;secteur nickel;échange commercial;matériel;économie;alternative au développement;dégradation environnementale;dégradation environnementale;pollution;travail;politique;politique
236;travail;économie;ressource minière;dégradation environnementale
237;nickel;travail;nature;nickel;pollution;dégradation environnementale
238;exploitation minière;nickel;nickel;nature;industrie;exploitation minière;échange commercial;ressource minière
239;dégradation environnementale;nickel;dégradation environnementale;pollution;dégradation environnementale;travail;industrie;matériel;travail
240;pollution;dégradation environnementale;dégradation environnementale;dégradation environnementale;économie;travail;dégradation environnementale;risque;dégradation environnementale
241;travail;économie;secteur nickel;politique;pollution;économie
242;industrie;travail;nickel;avenir avec nickel;alternative au développement;relation politique;dégradation environnementale;risque;secteur nickel;travail;dégradation environnementale
243;ressource minière;exploitation minière;matériel;pollution;politique;économie;échange commercial;foncier;dégradation environnementale
244;économie;nouvelle-calédonie;politique;politique
245;exploitation minière;dégradation environnementale;pollution;nature;économie;travail;secteur nickel;politique
246;dégradation environnementale;économie;travail;nature;nature;nickel;nickel;pollution
247;dégradation environnementale;pollution;pollution;économie;nickel
248;pollution;nickel;nickel;industrie;foncier;matériel;échange commercial;travail;secteur nickel
249;travail;économie;industrie;industrie;foncier;matériel;politique;nickel;secteur nickel;travail;industrie
250;nouvelle-calédonie;nickel;économie;politique
251;nickel;industrie;nickel;économie;économie;pollution
252;nickel;économie;dégradation environnementale;société néo-calédonienne;relation politique;pollution;politique
253;non classé;dégradation environnementale;ressource minière;pollution;travail;secteur nickel;échange commercial
254;nickel;pollution;essor technologique;économie;avenir avec nickel;dégradation environnementale;échange commercial;société néo-calédonienne;secteur nickel;société néo-calédonienne;pollution;industrie;société néo-calédonienne;politique;nature
255;ressource minière;dégradation environnementale;avenir sans nickel;dégradation environnementale;nature;amélioration environnementale;industrie;nickel;pollution
256;économie;travail;secteur nickel;amélioration environnementale;pollution
257;dégradation environnementale;dégradation environnementale;nature;matériel;nature;nature;nature;nickel;économie;exploitation minière;relation politique;secteur nickel
258;exploitation minière;exploitation minière;ressource minière;secteur nickel;alternative au développement;nickel;secteur nickel;travail;nature;politique;ressource minière;industrie;industrie;matériel;dégradation environnementale
259;économie;travail;ressource minière;politique;politique;dégradation environnementale;risque;société néo-calédonienne;travail;travail;politique;société néo-calédonienne;dégradation environnementale
260;nickel;dégradation environnementale;matériel;industrie;exploitation minière;matériel
261;dégradation environnementale;nature;pollution;économie;travail
262;nickel;travail;pollution;dégradation environnementale;politique;société néo-calédonienne;nouvelle-calédonie;ressource minière
263;exploitation minière;dégradation environnementale;nickel;dégradation environnementale;nature;travail;pollution
264;nickel;nickel;ressource minière;pollution;politique;industrie;industrie;politique
265;économie;alternative au développement;dégradation environnementale;travail;matériel;amélioration environnementale;politique;politique;pollution;avenir avec nickel;dégradation environnementale;dégradation environnementale;nature;nickel;nature
266;économie;économie;travail;ressource minière;pollution;amélioration environnementale;secteur nickel
267;nickel;dégradation environnementale;travail;secteur nickel
268;matériel;travail;matériel;pollution;nature;industrie;dégradation environnementale;échange commercial
269;matériel;matériel;pollution;nickel;travail;exploitation minière;industrie;exploitation minière;exploitation minière;travail;matériel
270;dégradation environnementale;dégradation environnementale;dégradation environnementale;nature;nickel;dégradation environnementale;pollution;ressource minière;alternative au développement;avenir avec nickel;pollution;pollution;économie;travail;société néo-calédonienne
271;nickel;matériel;dégradation environnementale;secteur nickel;nickel;ressource minière
272;nature;société néo-calédonienne;dégradation environnementale;dégradation environnementale;nature;nickel;nickel;exploitation minière;ressource minière;travail
273;nickel;nickel;exploitation minière;exploitation minière
274;nickel;nouvelle-calédonie;pollution;pollution;non classé;nickel;pollution;risque;exploitation minière;industrie;ressource minière;nature;pollution;dégradation environnementale;dégradation environnementale
275;dégradation environnementale;secteur nickel;économie;industrie;nickel;exploitation minière;échange commercial;matériel;dégradation environnementale;pollution;nature;nickel;dégradation environnementale;matériel;travail
276;dégradation environnementale;nickel;nickel;nature;ressource minière;ressource minière
277;nickel;nature;ressource minière;exploitation minière;travail;société néo-calédonienne;nature;nouvelle-calédonie;travail
278;nickel;travail;nickel;nature;dégradation environnementale;pollution;économie
279;exploitation minière;nickel;nickel;foncier;dégradation environnementale;alternative au développement;secteur nickel;économie;industrie;industrie;politique;nature;nickel;amélioration environnementale;dégradation environnementale
280;nature;industrie;matériel;économie;pollution;nickel;travail;secteur nickel;échange commercial;foncier;exploitation minière
281;nickel;nickel;nickel;nouvelle-calédonie;exploitation minière;dégradation environnementale
282;dégradation environnementale;dégradation environnementale;pollution;économie;dégradation environnementale;pollution;travail
283;nickel;exploitation minière;matériel;ressource minière;nature
284;industrie;nickel;matériel
285;échange commercial;industrie;dégradation environnementale;secteur nickel;industrie;échange commercial;exploitation minière;relation politique;échange commercial;relation politique
286;matériel;secteur nickel;nature;travail;échange commercial
287;dégradation environnementale;dégradation environnementale;travail
288;pollution;dégradation environnementale;travail;alternative au développement;politique;risque;politique;ressource minière;politique;secteur nickel;secteur nickel
289;nickel;industrie;industrie;secteur nickel;économie;nature;économie;dégradation environnementale;pollution;pollution;politique;pollution;travail;politique;avenir sans nickel
290;nickel;travail;foncier;foncier;nature;matériel;pollution;ressource minière;dégradation environnementale;secteur nickel
291;nickel;économie;échange commercial;secteur nickel;économie;nouvelle-calédonie;politique;politique;société néo-calédonienne;relation politique;économie
292;nickel;dégradation environnementale;dégradation environnementale;pollution;économie;travail;dégradation environnementale;secteur nickel;exploitation minière;pollution;ressource minière
293;amélioration environnementale;secteur nickel;économie;économie;nickel;dégradation environnementale;dégradation environnementale;dégradation environnementale;travail;nickel;avenir sans nickel;ressource minière;dégradation environnementale
294;ressource minière;politique;foncier;nickel
295;nickel;économie;travail;économie;matériel;pollution;alternative au développement;nature;dégradation environnementale
296;pollution;dégradation environnementale;économie;politique;secteur nickel
297;nickel;dégradation environnementale;travail;économie;dégradation environnementale
298;nickel;pollution;travail;industrie
299;économie;travail;dégradation environnementale;foncier;nickel;foncier;secteur nickel;matériel;industrie;nickel
300;nickel;économie;dégradation environnementale;pollution;dégradation environnementale;matériel;économie;secteur nickel;secteur nickel;secteur nickel;nickel;politique;dégradation environnementale;dégradation environnementale;politique
301;nickel;nickel;pollution;dégradation environnementale;pollution;dégradation environnementale;pollution;économie;travail;pollution;travail;secteur nickel;secteur nickel
302;nickel;pollution;travail;travail;économie;dégradation environnementale;ressource minière;politique;secteur nickel;exploitation minière;pollution;nickel;dégradation environnementale;nature;secteur nickel
303;nickel;nouvelle-calédonie;secteur nickel;nickel;dégradation environnementale;matériel;pollution;économie;dégradation environnementale;travail;alternative au développement;ressource minière
304;nickel;industrie;matériel;exploitation minière;industrie;industrie;économie;pollution;travail;ressource minière;dégradation environnementale;politique;alternative au développement
305;nickel;pollution;économie;travail;travail;pollution;secteur nickel;politique;industrie;exploitation minière;société néo-calédonienne;dégradation environnementale;dégradation environnementale;politique;secteur nickel
306;dégradation environnementale;ressource minière;nickel;travail;dégradation environnementale;travail;dégradation environnementale
307;secteur nickel;dégradation environnementale;dégradation environnementale;travail;pollution
308;nickel;matériel;travail;travail;risque;nickel;secteur nickel
309;nickel;travail;matériel;nature
310;pollution;économie;travail;amélioration environnementale;foncier;secteur nickel;nickel;industrie;foncier;secteur nickel
311;nickel;nature;dégradation environnementale;nature;nickel;industrie;industrie;politique;foncier;politique
312;nickel;exploitation minière;dégradation environnementale;exploitation minière;nickel;secteur nickel;pollution;pollution;dégradation environnementale;secteur nickel;société néo-calédonienne
313;travail;nickel;dégradation environnementale;dégradation environnementale
314;dégradation environnementale;nickel;matériel;dégradation environnementale;foncier;matériel;industrie
315;nickel;exploitation minière;matériel;pollution;échange commercial;dégradation environnementale;secteur nickel;nature;nickel
316;nickel;exploitation minière;exploitation minière;nickel;économie;nickel;matériel;échange commercial
317;nature;travail;pollution;dégradation environnementale;société néo-calédonienne;dégradation environnementale;ressource minière;avenir sans nickel;politique;économie
318;nickel;exploitation minière;économie;exploitation minière;secteur nickel;nickel;industrie;exploitation minière;travail;matériel;nickel;dégradation environnementale;pollution;secteur nickel
319;dégradation environnementale;économie;travail;pollution;politique;politique
320;matériel;nickel;nickel;industrie;nickel;industrie;nickel
321;nickel;matériel;dégradation environnementale;pollution;secteur nickel;foncier;foncier;foncier;industrie;matériel;matériel;dégradation environnementale;nickel
322;industrie;nickel;matériel;nature;foncier;pollution;dégradation environnementale;nature;nickel;nature;économie
323;industrie;nickel;nickel;nickel;échange commercial;échange commercial;économie;dégradation environnementale;dégradation environnementale
324;travail;économie;industrie;dégradation environnementale;nickel;pollution;exploitation minière;échange commercial;relation politique
325;nickel;pollution;nickel;secteur nickel;dégradation environnementale;échange commercial;matériel;nature;économie;foncier;industrie;politique;exploitation minière;travail
326;économie;exploitation minière;pollution;politique;politique;travail
327;nickel;travail;pollution;économie;alternative au développement
328;travail;alternative au développement;industrie;dégradation environnementale;pollution
329;travail;industrie;nouvelle-calédonie;exploitation minière;politique;politique;exploitation minière;travail;secteur nickel;économie;travail
330;exploitation minière;dégradation environnementale;ressource minière;économie;travail
331;politique;foncier;dégradation environnementale;nature;politique;ressource minière
332;exploitation minière;nouvelle-calédonie;pollution;dégradation environnementale
333;nature;dégradation environnementale;matériel;échange commercial;échange commercial
334;nickel;économie;foncier;secteur nickel;politique;travail;politique;relation politique;économie;dégradation environnementale;pollution;foncier;alternative au développement;travail
335;nickel;exploitation minière;industrie;pollution;alternative au développement;essor technologique;secteur nickel;économie;dégradation environnementale;nickel;travail;nickel;ressource minière;secteur nickel
336;nickel;matériel;nickel;nature;foncier;nickel;échange commercial;dégradation environnementale;travail;dégradation environnementale;dégradation environnementale;foncier;secteur nickel;industrie;échange commercial
337;nickel;dégradation environnementale;pollution;nickel;industrie;industrie;alternative au développement;alternative au développement
338;nature;foncier;nickel;relation politique;nickel;ressource minière
339;dégradation environnementale;dégradation environnementale;nickel;ressource minière;société néo-calédonienne;société néo-calédonienne;matériel;politique
340;nature;nickel;nickel;exploitation minière;économie;exploitation minière;secteur nickel;industrie
341;nickel;exploitation minière;matériel;nickel;exploitation minière;exploitation minière;nature;économie
342;nickel;économie;relation politique;nouvelle-calédonie;politique;dégradation environnementale;alternative au développement;travail
343;nickel;dégradation environnementale;exploitation minière;nickel;nouvelle-calédonie;alternative au développement;ressource minière;nature;dégradation environnementale;exploitation minière;foncier;foncier;avenir sans nickel;pollution
344;nickel;secteur nickel;nature;dégradation environnementale;matériel;économie;dégradation environnementale;industrie
345;exploitation minière;matériel;échange commercial;secteur nickel;politique;risque;économie
346;nature;travail;matériel;risque;travail;ressource minière;dégradation environnementale
347;dégradation environnementale;pollution;nickel;travail
348;matériel;ressource minière;nickel;industrie;politique
349;matériel;industrie;nickel;économie;pollution;matériel;travail
350;nickel;matériel;ressource minière;économie;risque
351;nickel;nickel;secteur nickel;exploitation minière;travail;matériel;matériel;ressource minière;ressource minière;échange commercial;nature;industrie;travail
352;matériel;exploitation minière;amélioration environnementale;secteur nickel;nickel;industrie;dégradation environnementale
353;relation politique;politique;relation politique;économie;travail;secteur nickel;politique;nickel;dégradation environnementale;nature;nature;dégradation environnementale;foncier
354;industrie;exploitation minière;exploitation minière;matériel;industrie;matériel;nature;industrie;exploitation minière;nickel;exploitation minière;secteur nickel
355;nickel;secteur nickel;travail;pollution;dégradation environnementale;dégradation environnementale
356;nickel;économie;pollution;matériel;matériel;société néo-calédonienne;société néo-calédonienne;travail;pollution;dégradation environnementale;pollution;pollution;pollution;nature
357;nickel;économie;matériel;matériel;société néo-calédonienne;société néo-calédonienne;travail;secteur nickel;foncier;nature;exploitation minière;risque;société néo-calédonienne;nature;dégradation environnementale
358;secteur nickel;nature;économie;pollution;pollution;dégradation environnementale;foncier;travail
359;dégradation environnementale;ressource minière;nature;travail;économie;pollution;secteur nickel;politique
360;nickel;foncier;foncier;nickel;économie;travail;industrie
361;nickel;secteur nickel;dégradation environnementale;industrie;échange commercial;échange commercial;société néo-calédonienne
362;ressource minière;exploitation minière;politique;nature;échange commercial
363;industrie;pollution;exploitation minière;dégradation environnementale;nickel;nickel;ressource minière
364;nickel;nickel;dégradation environnementale;exploitation minière;nickel;matériel
365;économie;travail;nickel;pollution;dégradation environnementale;dégradation environnementale;échange commercial;relation politique;secteur nickel;nickel;foncier;nouvelle-calédonie;secteur nickel;dégradation environnementale;amélioration environnementale
366;nickel;nickel;exploitation minière;dégradation environnementale;pollution;dégradation environnementale;dégradation environnementale
367;industrie;nickel;échange commercial;politique;ressource minière;politique;politique;essor technologique;industrie;politique;ressource minière;secteur nickel;travail
368;pollution;dégradation environnementale;industrie;travail;secteur nickel;alternative au développement;dégradation environnementale
369;économie;travail;pollution;nature;travail;matériel;dégradation environnementale;société néo-calédonienne;foncier;nature
370;avenir avec nickel;économie;travail;matériel;avenir sans nickel;dégradation environnementale;nature;pollution
371;nickel;alternative au développement;économie;travail;risque;foncier;nature;pollution;travail;travail;travail;dégradation environnementale;nature;économie;économie
372;nickel;travail;nature;nature;dégradation environnementale;foncier;alternative au développement
373;nature;nature;pollution;matériel;travail;matériel;travail;secteur nickel;secteur nickel;société néo-calédonienne;société néo-calédonienne;société néo-calédonienne;économie;dégradation environnementale;économie
374;nickel;nature;pollution;économie;matériel;matériel;travail;secteur nickel
375;économie;nickel;nouvelle-calédonie;exploitation minière;ressource minière;exploitation minière;pollution
376;nickel;société néo-calédonienne;économie;alternative au développement;dégradation environnementale;pollution
377;économie;dégradation environnementale;politique
378;travail;pollution;politique;ressource minière;ressource minière;secteur nickel;industrie;matériel;exploitation minière;échange commercial;nickel;alternative au développement;avenir sans nickel;dégradation environnementale;foncier
379;secteur nickel;foncier;nickel;nickel;foncier;secteur nickel;échange commercial;nouvelle-calédonie;nickel;échange commercial;politique;matériel;nouvelle-calédonie;secteur nickel
380;économie;nickel;matériel;ressource minière;exploitation minière;dégradation environnementale;matériel;pollution;économie;politique
381;économie;pollution;industrie;travail;secteur nickel;secteur nickel
382;travail;nickel;nouvelle-calédonie
383;secteur nickel;nickel;dégradation environnementale;économie;travail;nouvelle-calédonie;pollution;dégradation environnementale
384;dégradation environnementale;secteur nickel;travail;ressource minière
385;secteur nickel;travail;économie;pollution;dégradation environnementale;dégradation environnementale;industrie;secteur nickel;pollution;amélioration environnementale;alternative au développement;secteur nickel;relation politique;échange commercial
386;industrie;travail;économie;dégradation environnementale;exploitation minière;exploitation minière
387;pollution;travail;économie;politique;alternative au développement
388;industrie;pollution;secteur nickel;politique;matériel;secteur nickel;secteur nickel
389;matériel;matériel;matériel;ressource minière;matériel;nickel;dégradation environnementale;exploitation minière
390;nickel;travail;dégradation environnementale;économie;pollution;matériel;société néo-calédonienne;société néo-calédonienne;travail;économie;amélioration environnementale;amélioration environnementale
391;nickel;économie;travail;pollution;ressource minière;dégradation environnementale;politique;secteur nickel;ressource minière;secteur nickel;avenir avec nickel;alternative au développement;avenir sans nickel;politique
392;nickel;exploitation minière;matériel;dégradation environnementale;dégradation environnementale;risque;industrie;dégradation environnementale;travail;travail
393;travail;travail;société néo-calédonienne;matériel;secteur nickel;non classé;société néo-calédonienne;nature;nature;pollution;dégradation environnementale;économie;industrie;nickel;ressource minière
394;nickel;pollution;économie;dégradation environnementale;matériel;matériel;dégradation environnementale;industrie
395;nickel;nickel;travail;exploitation minière;dégradation environnementale
396;nickel;travail;économie;pollution;échange commercial;secteur nickel;nouvelle-calédonie
397;économie;industrie;dégradation environnementale;travail
398;dégradation environnementale;foncier;alternative au développement;politique;foncier;dégradation environnementale;matériel;exploitation minière;matériel;foncier;matériel;industrie;travail;foncier;foncier
399;nickel;pollution;secteur nickel;nickel;avenir sans nickel;nickel
400;exploitation minière;industrie;pollution;dégradation environnementale
401;travail;nickel;avenir avec nickel;matériel;foncier
402;industrie;pollution;dégradation environnementale;travail;nickel;amélioration environnementale;secteur nickel;industrie;industrie;risque
403;nickel;industrie;secteur nickel;industrie;nature;nickel;dégradation environnementale;nickel;travail
404;nickel;industrie;économie;dégradation environnementale;pollution;secteur nickel;industrie;nouvelle-calédonie
405;secteur nickel;économie;nickel;économie;pollution;dégradation environnementale
406;dégradation environnementale;nature;nature;nature;nature;nickel;économie;politique
407;économie;nickel;travail;exploitation minière;échange commercial
408;nickel;travail;dégradation environnementale;économie;travail
409;économie;travail;pollution;politique
410;nouvelle-calédonie;politique;économie;dégradation environnementale;travail;pollution;économie
411;pollution;travail;pollution;pollution
412;nickel;travail;industrie;nature;exploitation minière
413;matériel;nickel;nouvelle-calédonie
414;matériel;nickel;pollution;travail;travail;secteur nickel
