mot 1;nb 1;mot 2;nb 2;mot 3;nb 3;mot 4;nb 4;mot 5;nb 5;mot 6;nb 6;mot 7;nb 7;mot 8;nb 8;mot 9;nb 9;mot 10;nb 10;mot 11;nb 11;mot 12;nb 12;mot 13;nb 13;mot 14;nb 14;mot 15;nb 15;mot 16;nb 16;mot 17;nb 17;mot 18;nb 18
avenir sans nickel;58;dégradation environnementale;44;dégradation environnementale;35;alternative au développement;25;dégradation environnementale;22;dégradation environnementale;14;alternative au développement;12;économie;7;secteur nickel;5;politique;3;alternative au développement;4;avenir sans nickel;1;secteur nickel;3;travail;2;société néo-calédonienne;2;avenir sans nickel;2;avenir sans nickel;1;avenir sans nickel;1
dégradation environnementale;46;ressource minière;33;ressource minière;31;pollution;23;alternative au développement;20;société néo-calédonienne;13;dégradation environnementale;10;pollution;6;pollution;5;secteur nickel;3;secteur nickel;2;travail;1;politique;2;économie;2;politique;1;pollution;1;travail;1;secteur nickel;1
ressource minière;43;avenir sans nickel;32;travail;28;politique;21;travail;15;alternative au développement;13;secteur nickel;9;dégradation environnementale;6;amélioration environnementale;5;ressource minière;3;pollution;2;politique;1;travail;1;avenir sans nickel;1;secteur nickel;1;dégradation environnementale;1;ressource minière;1;essor technologique;1
pollution;38;alternative au développement;30;économie;23;travail;20;politique;15;politique;12;pollution;7;avenir sans nickel;5;travail;4;nouvelle-calédonie;3;dégradation environnementale;2;secteur nickel;1;ressource minière;1;dégradation environnementale;1;pollution;1;nature;1;nature;1;;
essor technologique;30;pollution;29;avenir sans nickel;21;dégradation environnementale;18;secteur nickel;13;pollution;12;société néo-calédonienne;7;travail;4;ressource minière;4;essor technologique;3;société néo-calédonienne;2;relation politique;1;dégradation environnementale;1;nature;1;alternative au développement;1;société néo-calédonienne;1;société néo-calédonienne;1;;
avenir avec nickel;24;économie;28;secteur nickel;21;ressource minière;15;société néo-calédonienne;13;économie;11;avenir sans nickel;6;secteur nickel;4;dégradation environnementale;3;pollution;2;amélioration environnementale;2;pollution;1;nature;1;société néo-calédonienne;1;amélioration environnementale;1;;;alternative au développement;1;;
amélioration environnementale;24;travail;19;pollution;20;économie;15;économie;12;secteur nickel;10;politique;6;alternative au développement;4;alternative au développement;3;nature;2;industrie;1;ressource minière;1;alternative au développement;1;alternative au développement;1;;;;;;;;
alternative au développement;22;essor technologique;18;alternative au développement;19;secteur nickel;13;ressource minière;11;avenir sans nickel;9;avenir avec nickel;6;exploitation minière;3;essor technologique;3;économie;2;travail;1;dégradation environnementale;1;économie;1;;;;;;;;;;
politique;19;politique;17;essor technologique;18;nickel;13;nouvelle-calédonie;10;travail;9;travail;5;politique;3;risque;3;avenir sans nickel;1;politique;1;nature;1;matériel;1;;;;;;;;;;
économie;16;amélioration environnementale;17;politique;17;avenir sans nickel;11;amélioration environnementale;9;ressource minière;7;essor technologique;5;relation politique;3;exploitation minière;2;industrie;1;relation politique;1;société néo-calédonienne;1;;;;;;;;;;;;
travail;13;secteur nickel;16;avenir avec nickel;17;avenir avec nickel;10;pollution;8;amélioration environnementale;7;relation politique;4;avenir avec nickel;3;politique;2;travail;1;nature;1;nickel;1;;;;;;;;;;;;
secteur nickel;13;nickel;14;société néo-calédonienne;14;société néo-calédonienne;10;avenir sans nickel;7;nickel;6;ressource minière;3;nature;3;nature;2;dégradation environnementale;1;essor technologique;1;économie;1;;;;;;;;;;;;
société néo-calédonienne;8;nouvelle-calédonie;12;amélioration environnementale;10;essor technologique;10;nickel;7;essor technologique;6;nouvelle-calédonie;3;société néo-calédonienne;3;avenir sans nickel;1;société néo-calédonienne;1;risque;1;amélioration environnementale;1;;;;;;;;;;;;
nouvelle-calédonie;8;avenir avec nickel;11;nature;7;relation politique;9;essor technologique;6;nature;5;nickel;3;amélioration environnementale;3;industrie;1;alternative au développement;1;;;;;;;;;;;;;;;;
exploitation minière;7;relation politique;9;matériel;7;exploitation minière;7;industrie;5;exploitation minière;4;foncier;3;essor technologique;3;avenir avec nickel;1;nickel;1;;;;;;;;;;;;;;;;
nature;6;nature;9;nouvelle-calédonie;6;nature;7;relation politique;5;relation politique;4;industrie;2;ressource minière;2;société néo-calédonienne;1;amélioration environnementale;1;;;;;;;;;;;;;;;;
industrie;4;société néo-calédonienne;8;nickel;6;amélioration environnementale;7;nature;5;nouvelle-calédonie;3;nature;2;nouvelle-calédonie;2;nouvelle-calédonie;1;foncier;1;;;;;;;;;;;;;;;;
relation politique;4;industrie;6;échange commercial;6;échange commercial;6;avenir avec nickel;4;avenir avec nickel;2;économie;2;industrie;1;économie;1;échange commercial;1;;;;;;;;;;;;;;;;
nickel;4;exploitation minière;5;risque;5;nouvelle-calédonie;5;exploitation minière;3;matériel;2;amélioration environnementale;2;foncier;1;foncier;1;risque;1;;;;;;;;;;;;;;;;
matériel;4;foncier;5;industrie;4;industrie;3;échange commercial;3;industrie;1;exploitation minière;1;échange commercial;1;échange commercial;1;;;;;;;;;;;;;;;;;;
foncier;2;matériel;3;foncier;4;risque;2;foncier;2;échange commercial;1;échange commercial;1;risque;1;;;;;;;;;;;;;;;;;;;;
échange commercial;2;échange commercial;2;exploitation minière;3;foncier;1;risque;2;;;non classé;1;matériel;1;;;;;;;;;;;;;;;;;;;;
risque;2;risque;2;relation politique;2;;;matériel;2;;;;;;;;;;;;;;;;;;;;;;;;;;
non classé;1;;;;;;;;;;;;;;;;;;;;;;;;;;;;;;;;;;
