mot 1;nb 1;mot 2;nb 2;mot 3;nb 3;mot 4;nb 4;mot 5;nb 5;mot 6;nb 6;mot 7;nb 7;mot 8;nb 8;mot 9;nb 9;mot 10;nb 10;mot 11;nb 11;mot 12;nb 12;mot 13;nb 13;mot 14;nb 14;mot 15;nb 15;mot 16;nb 16;mot 17;nb 17;mot 18;nb 18
pollution;37;impact environnemental;37;impact environnemental;27;emploi;17;impact environnemental;12;impact environnemental;11;impact environnemental;5;impact environnemental;5;amélioration environnementale;5;pollution;2;impact environnemental;2;fin;1;formation;2;emploi;2;politique;1;après-nickel;2;emploi;1;secteur indispensable;1
impact environnemental;34;pollution;29;emploi;21;pollution;17;emploi;11;pollution;9;développement durable;5;économie du pays;4;pollution;3;biodiversité;2;développement;2;emploi;1;procédé industriel;1;fin;1;amélioration environnementale;1;impact environnemental;1;biodiversité;1;incertitude;1
fin;32;économie du pays;20;pollution;17;impact environnemental;15;économie du pays;10;économie du pays;8;emploi;4;pollution;3;impact environnemental;3;conflit;2;amélioration environnementale;2;pollution;1;enjeu;1;montagne;1;développement durable;1;milieu;1;avenir;1;étude;1
épuisement de la ressource;24;épuisement de la ressource;17;épuisement de la ressource;14;développement;12;amélioration environnementale;9;amélioration environnementale;7;avenir;4;biodiversité;3;emploi;2;indépendance;2;relation internationale;1;épuisement de la ressource;1;biodiversité;1;biodiversité;1;nuisance;1;sentiment négatif;1;développement culturel;1;;
amélioration environnementale;24;amélioration environnementale;17;conflit;11;conflit;10;pollution;7;développement;6;développement;4;amélioration environnementale;3;exploitation;2;innovation;2;pollution;1;impact environnemental;1;impact environnemental;1;revenu;1;sentiment négatif;1;santé;1;sentiment positif;1;;
innovation;18;emploi;15;économie du pays;11;économie du pays;8;montagne;6;emploi;5;innovation;4;fin;2;procédé industriel;2;revalorisation de la ressource;2;biodiversité;1;justice sociale;1;vision positive de la ressource;1;famille;1;formation;1;;;prospection minière;1;;
maintien de l’exploitation;17;fin;14;amélioration environnementale;10;développement durable;8;développement alternatif;6;conflit;5;procédé industriel;3;emploi;2;milieu;2;fin;1;conflit;1;conflit;1;développement durable;1;développement durable;1;bien de consommation;1;;;;;;
emploi;13;développement durable;13;fin;9;relation internationale;7;vision positive de la ressource;6;famille;5;pollution;3;exploitation;2;vision positive de la ressource;2;politique;1;développement alternatif;1;milieu;1;crise;1;fiscalité;1;;;;;;;;
développement;12;innovation;13;croissance minière;9;épuisement de la ressource;7;développement;6;développement alternatif;4;montagne;3;conflit;2;développement durable;2;secteur indispensable;1;développement durable;1;amélioration environnementale;1;fiscalité;1;;;;;;;;;;
automatisation;12;développement;12;développement;9;amélioration environnementale;7;conflit;5;milieu;4;croissance minière;3;vision positive de la ressource;2;innovation;2;travail difficile;1;innovation;1;revenu;1;machine;1;;;;;;;;;;
déclin;11;conflit;10;innovation;9;déclin;7;développement durable;5;innovation;4;famille;3;avenir;2;production;2;secteur nickel;1;production;1;représentation opérateur;1;condition de travail;1;;;;;;;;;;
vision positive de la ressource;10;vision positive de la ressource;10;automatisation;8;richesse;7;innovation;5;richesse;4;production;3;développement culturel;2;danger;2;épuisement de la ressource;1;danger;1;relation france;1;;;;;;;;;;;;
montagne;9;déclin;9;vision positive de la ressource;7;exploitation;6;relation internationale;4;fin;3;fin;2;nuisance;2;condition de travail;2;impact environnemental;1;formation;1;minerai;1;;;;;;;;;;;;
économie du pays;8;relation internationale;7;revenu;6;innovation;5;coutume;4;déclin;3;usine;2;production;2;fin;1;justice sociale;1;calédonien;1;;;;;;;;;;;;;;
développement durable;8;biodiversité;6;développement durable;6;automatisation;5;indépendance;4;opérateur minier;3;politique;2;relation france;2;politique;1;développement alternatif;1;métallurgie;1;;;;;;;;;;;;;;
crise;8;revenu;6;vision négative de la ressource;6;croissance minière;4;production;4;ressource non-renouvelable;3;relation internationale;2;investissement;2;épuisement de la ressource;1;nouvelle-calédonie;1;santé;1;;;;;;;;;;;;;;
exploitation;7;richesse;6;secteur indispensable;5;nickel;4;main d’oeuvre;4;politique;2;conflit;2;procédé industriel;1;développement;1;amélioration environnementale;1;condition de travail;1;;;;;;;;;;;;;;
exploitation raisonnée;6;exploitation;5;procédé industriel;5;milieu;4;usine;3;procédé industriel;2;milieu;2;exploitation raisonnée;1;indépendance;1;production;1;bien de consommation;1;;;;;;;;;;;;;;
incertitude;6;procédé industriel;5;maintien de l’exploitation;5;vision positive de la ressource;4;exploitation;3;relation internationale;2;vision positive de la ressource;2;travail difficile;1;maintien de l’exploitation;1;investissement;1;;;;;;;;;;;;;;;;
vision négative de la ressource;6;nickel;5;richesse;5;revenu;4;politique;3;exploitation raisonnée;2;nouvelle-calédonie;2;justice sociale;1;revenu;1;description minière;1;;;;;;;;;;;;;;;;
conflit;5;indépendance;5;commerce;5;nuisance;4;après-nickel;3;épuisement de la ressource;2;amélioration environnementale;2;croissance minière;1;nuisance;1;fiscalité;1;;;;;;;;;;;;;;;;
avenir;5;maintien de l’exploitation;5;montagne;4;politique;3;épuisement de la ressource;3;inégalité;2;développement culturel;2;coutume;1;social;1;commerce;1;;;;;;;;;;;;;;;;
revenu;5;automatisation;5;justice sociale;4;procédé industriel;3;croissance minière;3;vision positive de la ressource;2;maintien de l’exploitation;2;inégalité;1;commerce;1;danger;1;;;;;;;;;;;;;;;;
après-nickel;4;coutume;4;incertitude;4;enjeu;3;inégalité;3;avenir;2;nuisance;2;développement;1;sécurité;1;minerai;1;;;;;;;;;;;;;;;;
secteur nickel;4;développement alternatif;4;déclin;4;exploitation raisonnée;3;milieu;3;indépendance;2;richesse;2;indépendance;1;dérive politique;1;foncier;1;;;;;;;;;;;;;;;;
biodiversité;4;incertitude;4;main d’oeuvre;4;justice sociale;3;richesse;3;développement durable;2;structure;2;sous-traitance;1;formation;1;étude;1;;;;;;;;;;;;;;;;
indépendance;4;secteur indispensable;3;danger;4;développement alternatif;3;sentiment négatif;3;crise;2;santé;2;maintien de l’exploitation;1;métallurgie;1;;;;;;;;;;;;;;;;;;
procédé industriel;3;exploitation raisonnée;3;exploitation;3;maintien de l’exploitation;3;transition;3;production;2;bien de consommation;2;revenu;1;santé;1;;;;;;;;;;;;;;;;;;
description minière;3;montagne;3;exploitation raisonnée;3;famille;3;minerai;3;main d’oeuvre;2;exploitation raisonnée;1;famille;1;prospection minière;1;;;;;;;;;;;;;;;;;;
machine;3;croissance minière;3;biodiversité;3;entreprise;3;fin;2;investissement;2;secteur nickel;1;déclin;1;foncier;1;;;;;;;;;;;;;;;;;;
politique;2;inégalité;3;coutume;3;investissement;3;secteur indispensable;2;puissance étrangère;2;coutume;1;développement durable;1;étude;1;;;;;;;;;;;;;;;;;;
secteur indispensable;2;milieu;3;indépendance;3;commerce;3;procédé industriel;2;transition;2;développement alternatif;1;innovation;1;;;;;;;;;;;;;;;;;;;;
relation internationale;2;avenir;3;crise;3;usine;2;enjeu;2;formation;2;balance positive-négative;1;crise;1;;;;;;;;;;;;;;;;;;;;
justice sociale;2;main d’oeuvre;3;investissement;3;secteur indispensable;2;secteur nickel;2;santé;2;économie du pays;1;changement climatique;1;;;;;;;;;;;;;;;;;;;;
coutume;2;minerai;3;fiscalité;3;secteur nickel;2;biodiversité;2;automatisation;2;sous-traitance;1;structure;1;;;;;;;;;;;;;;;;;;;;
nickel;2;vision négative de la ressource;3;formation;3;montagne;2;nouvelle-calédonie;2;bien de consommation;2;crise;1;puissance étrangère;1;;;;;;;;;;;;;;;;;;;;
milieu;2;foncier;3;machine;3;coutume;2;industrie;2;exploitation;1;sentiment négatif;1;commerce;1;;;;;;;;;;;;;;;;;;;;
nouvelle-calédonie;2;usine;2;revalorisation de la ressource;3;inégalité;2;famille;2;enjeu;1;changement climatique;1;ressource non-renouvelable;1;;;;;;;;;;;;;;;;;;;;
production;2;politique;2;bien de consommation;3;avenir;2;crise;2;travail difficile;1;social;1;danger;1;;;;;;;;;;;;;;;;;;;;
développement minier alternatif;2;enjeu;2;engin;3;indépendance;2;développement minier alternatif;2;après-nickel;1;relation france;1;métallurgie;1;;;;;;;;;;;;;;;;;;;;
sentiment négatif;2;après-nickel;2;après-nickel;2;développement culturel;2;entreprise;2;justice sociale;1;investissement;1;santé;1;;;;;;;;;;;;;;;;;;;;
changement climatique;2;industrie;2;secteur nickel;2;crise;2;production énergétique;2;nickel;1;puissance étrangère;1;automatisation;1;;;;;;;;;;;;;;;;;;;;
sentiment positif;2;sous-traitance;2;développement alternatif;2;production;2;sécurité;2;nouvelle-calédonie;1;commerce;1;condition de travail;1;;;;;;;;;;;;;;;;;;;;
investissement;2;passé;2;inégalité;2;sentiment négatif;2;formation;2;balance positive-négative;1;ressource non-renouvelable;1;étude;1;;;;;;;;;;;;;;;;;;;;
commerce;2;production;2;milieu;2;main d’oeuvre;2;calédonien;2;industrie;1;transition;1;engin;1;;;;;;;;;;;;;;;;;;;;
danger;2;sentiment négatif;2;avenir;2;terre;2;prospection minière;2;développement culturel;1;formation;1;;;;;;;;;;;;;;;;;;;;;;
revalorisation de la ressource;2;changement climatique;2;industrie;2;représentation opérateur;2;bien de consommation;2;nuisance;1;automatisation;1;;;;;;;;;;;;;;;;;;;;;;
usine;1;structure;2;développement culturel;2;puissance étrangère;2;engin;2;sentiment négatif;1;minerai;1;;;;;;;;;;;;;;;;;;;;;;
enjeu;1;commerce;2;famille;2;sécurité;2;exploitation raisonnée;1;changement climatique;1;prospection minière;1;;;;;;;;;;;;;;;;;;;;;;
croissance minière;1;sécurité;2;production;2;dérive politique;2;nickel;1;social;1;condition de travail;1;;;;;;;;;;;;;;;;;;;;;;
inégalité;1;transition;2;opérateur minier;2;santé;2;avenir;1;sentiment positif;1;foncier;1;;;;;;;;;;;;;;;;;;;;;;
balance positive-négative;1;formation;2;sentiment négatif;2;minerai;2;incertitude;1;terre;1;non classé;1;;;;;;;;;;;;;;;;;;;;;;
localité;1;machine;2;changement climatique;2;prospection minière;2;développement culturel;1;représentation opérateur;1;;;;;;;;;;;;;;;;;;;;;;;;
richesse;1;revalorisation de la ressource;2;terre;2;fin;1;revenu;1;production énergétique;1;;;;;;;;;;;;;;;;;;;;;;;;
opérateur minier;1;secteur nickel;1;représentation opérateur;2;travail difficile;1;changement climatique;1;fiscalité;1;;;;;;;;;;;;;;;;;;;;;;;;
représentation opérateur;1;justice sociale;1;transition;2;biodiversité;1;sentiment positif;1;commerce;1;;;;;;;;;;;;;;;;;;;;;;;;
relation france;1;nouvelle-calédonie;1;santé;2;nouvelle-calédonie;1;structure;1;outillage;1;;;;;;;;;;;;;;;;;;;;;;;;
production énergétique;1;famille;1;condition de travail;2;incertitude;1;représentation opérateur;1;machine;1;;;;;;;;;;;;;;;;;;;;;;;;
puissance étrangère;1;crise;1;foncier;2;opérateur minier;1;relation france;1;minerai;1;;;;;;;;;;;;;;;;;;;;;;;;
fiscalité;1;développement minier alternatif;1;usine;1;production énergétique;1;investissement;1;vision négative de la ressource;1;;;;;;;;;;;;;;;;;;;;;;;;
dérive politique;1;opérateur minier;1;politique;1;ressource non-renouvelable;1;commerce;1;prospection minière;1;;;;;;;;;;;;;;;;;;;;;;;;
transition;1;relation france;1;travail difficile;1;transition;1;dérive politique;1;condition de travail;1;;;;;;;;;;;;;;;;;;;;;;;;
santé;1;investissement;1;nickel;1;formation;1;santé;1;fer;1;;;;;;;;;;;;;;;;;;;;;;;;
minerai;1;description minière;1;balance positive-négative;1;revalorisation de la ressource;1;automatisation;1;;;;;;;;;;;;;;;;;;;;;;;;;;
prospection minière;1;production énergétique;1;nuisance;1;métallurgie;1;foncier;1;;;;;;;;;;;;;;;;;;;;;;;;;;
foncier;1;puissance étrangère;1;entreprise;1;vision négative de la ressource;1;;;;;;;;;;;;;;;;;;;;;;;;;;;;
bien de consommation;1;fiscalité;1;social;1;site minier;1;;;;;;;;;;;;;;;;;;;;;;;;;;;;
engin;1;dérive politique;1;structure;1;;;;;;;;;;;;;;;;;;;;;;;;;;;;;;
non classé;1;calédonien;1;relation france;1;;;;;;;;;;;;;;;;;;;;;;;;;;;;;;
;;métallurgie;1;puissance étrangère;1;;;;;;;;;;;;;;;;;;;;;;;;;;;;;;
;;prospection minière;1;sécurité;1;;;;;;;;;;;;;;;;;;;;;;;;;;;;;;
;;condition de travail;1;outillage;1;;;;;;;;;;;;;;;;;;;;;;;;;;;;;;
;;engin;1;dérive politique;1;;;;;;;;;;;;;;;;;;;;;;;;;;;;;;
;;;;métallurgie;1;;;;;;;;;;;;;;;;;;;;;;;;;;;;;;
;;;;site minier;1;;;;;;;;;;;;;;;;;;;;;;;;;;;;;;
;;;;étude;1;;;;;;;;;;;;;;;;;;;;;;;;;;;;;;
;;;;fer;1;;;;;;;;;;;;;;;;;;;;;;;;;;;;;;
