1;pollution;changement climatique;passé;emploi;économie du pays
2;richesse;vision négative de la ressource;emploi;impact environnemental;passé;vision négative de la ressource;conflit;coutume
4;emploi;pollution;conflit
5;revenu;pollution;nickel;production;milieu;amélioration environnementale;milieu;inégalité
6;exploitation;montagne;pollution;main d’oeuvre;passé;biodiversité;développement
7;pollution;nickel;revenu;milieu;engin
8;site minier;coutume;économie du pays;production;emploi;impact environnemental;revenu
9;engin;engin;minerai;terre;prospection minière;prospection minière;prospection minière;revenu;emploi;relation france
10;emploi;impact environnemental;pollution;relation france;amélioration environnementale;indépendance;changement climatique
11;description minière;industrie;terre
12;description minière;site minier;pollution;terre;impact environnemental;engin;nickel;usine;industrie;impact environnemental;emploi
13;description minière;engin;pollution
14;économie du pays;emploi;exploitation;relation internationale;opérateur minier;nouvelle-calédonie;pollution;terre
15;pollution;emploi;engin;exploitation;secteur nickel
16;pollution
17;industrie;description minière;richesse;développement culturel;nouvelle-calédonie;vision positive de la ressource
19;économie du pays;impact environnemental;pollution;développement;calédonien;relation france;santé
20;revenu;pollution;emploi;coutume
21;économie du pays;impact environnemental;pollution;richesse;conflit;conflit;investissement
22;description minière;économie du pays;procédé industriel;indépendance;amélioration environnementale;conflit;nouvelle-calédonie;développement
23;revenu;économie du pays;amélioration environnementale
24;revenu;danger
25;relation france;revenu;formation
26;économie du pays;économie du pays;exportation;main d’oeuvre;enjeu;relation internationale
27;emploi;pollution;conflit
28;usine;conflit;pollution;développement
29;économie du pays;vision positive de la ressource;développement;pollution;impact environnemental;développement
30;emploi;revenu;impact environnemental;balance positive-négative
31;description minière;balance positive-négative;coutume;revenu;impact environnemental;famille;relation france
32;revenu;économie du pays;calédonien;richesse;emploi
33;nuisance;milieu;pollution;montagne;impact environnemental;emploi
34;minerai;vision positive de la ressource;richesse;emploi;pollution;exploitation;impact environnemental;amélioration environnementale;développement
35;conflit;emploi;conflit;impact environnemental;économie du pays;emploi
36;richesse;nouvelle-calédonie;condition de travail;condition de travail;revenu;emploi;calédonien;vision positive de la ressource;impact environnemental;pollution;coutume
37;développement;coutume;pollution;usine;outillage;balance positive-négative;relation france;social
38;pollution;revenu;foncier;conflit;vision positive de la ressource
39;impact environnemental;pollution;dérive politique;représentation opérateur;dérive politique;balance positive-négative;famille;conflit;balance positive-négative;économie du pays
41;engin;nuisance;pollution;emploi;balance positive-négative;impact environnemental
42;procédé industriel;engin;outillage;pollution
43;pollution;économie du pays;revenu;emploi;conflit;relation france
44;terre;description minière;montagne
46;développement;pollution;emploi;conflit;développement culturel;formation
47;emploi;impact environnemental;impact environnemental;transition
48;impact environnemental;milieu;pollution;emploi
49;fer;prospection minière;fer;usine;terre;production;social
50;conflit;revenu;milieu;pollution;revenu
51;relation internationale;impact environnemental;sentiment négatif;coutume;milieu;transition;impact environnemental
52;emploi;conflit;développement;impact environnemental
53
54;richesse;nickel
55;foncier;nouvelle-calédonie;justice sociale;fin;coutume;biodiversité;relation internationale;conflit
56;impact environnemental;pollution;milieu;montagne;économie du pays
57;économie du pays;nuisance;changement climatique;montagne;impact environnemental;impact environnemental;représentation opérateur;développement alternatif
58;richesse
59;description minière;usine
60;opérateur minier;main d’oeuvre;minerai
61;terre;nickel;usine;localité;usine;équipement;équipement
62;nickel;engin;exploitation;emploi;épuisement de la ressource;revenu
63;nickel;engin;minerai
65;pollution;relation france
67;minerai;usine;main d’oeuvre;engin;milieu;exportation;amélioration environnementale
68;emploi;secteur indispensable;nouvelle-calédonie;pollution
69;nickel;usine;localité;nouvelle-calédonie;usine;passé;relation internationale;santé
70;outillage;nickel;main d’oeuvre;prospection minière;usine;main d’oeuvre
71;impact environnemental;emploi;terre;fer;minerai;nickel;usine;engin;description minière;passé
72;milieu;emploi
73;nouvelle-calédonie;minerai;minerai;économie du pays;opérateur minier;secteur nickel;prospection minière
74;nickel;revenu;fer;terre;milieu;pollution;montagne;économie du pays
76;emploi;engin;terre
77;milieu;montagne
81;pollution;richesse;amélioration environnementale;impact environnemental;montagne;transition
82;nickel;minerai;emploi;transition;prospection minière;pollution;danger;conflit;économie du pays
83;richesse;impact environnemental;emploi;amélioration environnementale;amélioration environnementale;relation internationale;emploi;pollution
84;impact environnemental;impact environnemental;économie du pays;impact environnemental;épuisement de la ressource;main d’oeuvre;relation france;relation internationale
85;nickel;usine;usine;vision positive de la ressource;investissement;pollution;montagne;impact environnemental;engin
86;conflit;impact environnemental;vision positive de la ressource;enjeu;politique;relation france
87;nickel;économie du pays
88;impact environnemental;revenu;balance positive-négative
89;exploitation;impact environnemental;exploitation;production énergétique;enjeu;impact environnemental
90;revenu;impact environnemental;impact environnemental;conflit;montagne;pollution;épuisement de la ressource
91;industrie;production;nickel;exploitation;relation internationale;minerai;exploitation;commerce;social;emploi;politique;maintien de l’exploitation;danger;impact environnemental;enjeu
92;milieu;impact environnemental;industrie;nickel;entreprise;pollution;impact environnemental;richesse;emploi;enjeu;emploi;commerce;développement;vision négative de la ressource
93;engin;usine;production énergétique;exploitation;engin;procédé industriel;opérateur minier;opérateur minier;exportation;impact environnemental;nickel;engin;transition;description minière
94;exploitation;impact environnemental;amélioration environnementale;économie du pays;minerai;prospection minière;entreprise;politique;épuisement de la ressource;transition;site minier;impact environnemental;impact environnemental
95;exploitation;minerai;exploitation;main d’oeuvre;nickel;usine;nickel;prospection minière;métallurgie;métallurgie;sécurité;montagne;impact environnemental
96;impact environnemental;impact environnemental;secteur nickel;exploitation;santé;richesse;main d’oeuvre;dérive politique;sentiment positif;amélioration environnementale;danger;impact environnemental;pollution;exploitation;ressource non-renouvelable
97;impact environnemental;économie du pays;emploi;montagne;secteur indispensable;nouvelle-calédonie;conflit;commerce;opérateur minier;opérateur minier;machine;exportation
98;nickel;commerce;exportation;relation internationale;usine;nickel;minerai;vision positive de la ressource;fer;commerce;impact environnemental;opérateur minier;emploi
99;terre;nickel;usine;emploi;commerce;exploitation;procédé industriel;politique;nickel;relation internationale;conflit;impact environnemental;vision négative de la ressource
100;exploitation;nickel;industrie;revalorisation de la ressource;passé;description minière;vision positive de la ressource;impact environnemental;entreprise;transition
101;montagne;vision positive de la ressource;impact environnemental;économie du pays;exploitation;entreprise;impact environnemental;épuisement de la ressource
102;ressource non-renouvelable;terre;main d’oeuvre;emploi;production;montagne;impact environnemental
103;pollution;nuisance;impact environnemental;développement;développement;richesse;relation internationale;développement;dérive politique;conflit;dérive politique;fiscalité;fiscalité
104;opérateur minier;opérateur minier;usine;minerai;économie du pays;usine;métallurgie;métallurgie;industrie;production énergétique;usine;emploi;sous-traitance;nickel
105;usine;exploitation;minerai;vision positive de la ressource;nuisance;production énergétique;nuisance;main d’oeuvre;secteur indispensable;pollution;pollution;inégalité;économie du pays;secteur nickel
106;développement;procédé industriel;maintien de l’exploitation;investissement;politique;richesse;impact environnemental;sécurité;relation internationale;inégalité;avenir;nickel;entreprise;relation france
107;nickel;usine;opérateur minier;richesse;vision positive de la ressource;commerce;sous-traitance;impact environnemental;économie du pays
108;description minière;danger;travail difficile;description minière
109;minerai;exploitation;exploitation;nickel
110;montagne;minerai;engin;pollution;richesse;opérateur minier
111;exploitation;non classé;exploitation;vision positive de la ressource;minerai;danger;impact environnemental;inégalité;engin;biodiversité;pollution;amélioration environnementale;impact environnemental
112;nouvelle-calédonie;impact environnemental;main d’oeuvre
113;opérateur minier;usine;exploitation;ressource non-renouvelable
114;minerai;montagne;nickel;ressource non-renouvelable
115;minerai;usine;nickel;commerce;commerce;emploi;prospection minière;exploitation;transition
116;nickel;description minière;outillage
117;nickel;exploitation;usine;minerai;minerai;montagne;engin
118;nickel;opérateur minier;montagne;engin;exploitation;impact environnemental;milieu;économie du pays
119;nickel;économie du pays;épuisement de la ressource
120;minerai;économie du pays;nickel;travail difficile;condition de travail;emploi
121;usine;opérateur minier;usine;économie du pays;impact environnemental;nickel
122;machine;terre;pollution
123;vision positive de la ressource;engin;main d’oeuvre;emploi;nickel;conflit;milieu;enjeu
124;minerai;usine;emploi;commerce;pollution;exportation
125;opérateur minier;terre;nickel;nouvelle-calédonie;métallurgie;engin;opérateur minier;usine;enjeu;secteur indispensable
126;opérateur minier;usine;localité;main d’oeuvre;conflit;opérateur minier
127;nickel;nouvelle-calédonie;richesse;conflit;investissement
128;description minière;entreprise;conflit;ressource non-renouvelable;indépendance;nickel;main d’oeuvre;sous-traitance
129;nickel;main d’oeuvre;pollution;impact environnemental;engin;économie du pays;conflit;commerce
130;nickel;main d’oeuvre;revenu;économie du pays;machine;commerce;conflit;terre;pollution;emploi
131;nickel;impact environnemental;développement;pollution;emploi
132;nickel;minerai;richesse;déclin;économie du pays;production;impact environnemental
133;minerai;nouvelle-calédonie;minerai;minerai;minerai;emploi;exploitation;exploitation;politique;économie du pays;main d’oeuvre;exploitation;commerce;conflit
134;nickel;richesse;commerce;emploi;exploitation;commerce;relation internationale;exploitation;minerai;balance positive-négative;fiscalité;minerai;engin;nouvelle-calédonie;usine
135;commerce;richesse;exploitation;minerai;condition de travail;impact environnemental;danger
136;économie du pays;pollution
137;minerai;vision positive de la ressource;emploi;relation internationale;économie du pays;conflit
138;emploi;exploitation;nickel;emploi;opérateur minier;dérive politique
139;nickel;emploi;indépendance;conflit;exploitation;danger;inégalité
140;montagne;machine;terre;sentiment négatif;emploi;nuisance;procédé industriel;opérateur minier
141;emploi;nickel;ressource non-renouvelable;exploitation;vision positive de la ressource;description minière;main d’oeuvre;production;transition;impact environnemental;nuisance;travail difficile
142;emploi;main d’oeuvre;économie du pays;danger;production;revenu;amélioration environnementale;sécurité;pollution;impact environnemental
143;pollution;nuisance;impact environnemental;usine;description minière;danger;emploi;main d’oeuvre
144;ressource non-renouvelable;ressource non-renouvelable;revenu
145;revenu;conflit;usine;indépendance;pollution;emploi
146;terre;montagne;engin;pollution;développement;économie du pays;nickel
147;nickel;revenu;emploi;milieu;développement;richesse;nouvelle-calédonie;montagne;calédonien;pollution;biodiversité;biodiversité;exportation;biodiversité;main d’oeuvre
148;économie du pays;emploi;économie du pays;impact environnemental
149;terre;terre;minerai;minerai;milieu;engin;outillage;engin;famille;équipement;équipement;opérateur minier;usine;opérateur minier;opérateur minier
150;engin;minerai;transition;opérateur minier;prospection minière;exportation
151;main d’oeuvre;main d’oeuvre;travail difficile;danger;danger;nuisance
152;nickel;richesse;vision positive de la ressource
153;ressource non-renouvelable;nickel;emploi;outillage;terre;exploitation;minerai;pollution;montagne;usine
154;nickel;opérateur minier;métallurgie;usine;opérateur minier;opérateur minier;investissement;conflit;épuisement de la ressource;richesse;commerce
155;opérateur minier;montagne;économie du pays;impact environnemental;impact environnemental
156;montagne;minerai;nickel;impact environnemental;engin;sécurité;économie du pays
157;main d’oeuvre;procédé industriel;danger;travail difficile
158;emploi;non classé;nickel;production;outillage;culture pop;description minière;machine;description minière;équipement;minerai
159;exploitation;nickel;opérateur minier;vision positive de la ressource;emploi;emploi;procédé industriel;commerce;commerce
160;nickel;nouvelle-calédonie;exploitation;entreprise;enjeu;revenu;relation internationale;vision positive de la ressource;emploi;emploi
161;engin;minerai;impact environnemental;revenu;engin;nickel;emploi;montagne
162;milieu;fer;nickel;description minière;culture pop;usine;procédé industriel;métallurgie;terre;opérateur minier
163;minerai;vision positive de la ressource;nickel;nickel;ressource non-renouvelable;ressource non-renouvelable;main d’oeuvre;changement climatique;emploi
164;usine;minerai;ressource non-renouvelable;pollution;industrie;main d’oeuvre;production énergétique
165;nickel;usine;prospection minière;vision positive de la ressource;conflit;impact environnemental;emploi
166;exploitation;vision positive de la ressource;économie du pays;secteur nickel;indépendance
167;richesse;vision positive de la ressource;usine;commerce
168;exploitation;prospection minière;revalorisation de la ressource
169;nickel;opérateur minier;engin;pollution;développement;exploitation;impact environnemental;impact environnemental;commerce
170;revenu;conflit;conflit;emploi;richesse;revenu;pollution
171;minerai;transition;milieu;nickel;impact environnemental;minerai;emploi
172;nickel;vision positive de la ressource;pollution;impact environnemental;impact environnemental;politique
173;économie du pays;impact environnemental;politique;commerce;nickel;usine
174;exploitation;richesse;impact environnemental;économie du pays;prospection minière;conflit;politique;emploi
175;nickel;opérateur minier;opérateur minier;dérive politique;revenu;richesse;coutume;politique;passé;montagne;coutume;revalorisation de la ressource;relation internationale;vision positive de la ressource;passé
176;nickel;emploi;localité;économie du pays;impact environnemental;opérateur minier;richesse;enjeu
177;impact environnemental;pollution;impact environnemental;économie du pays;emploi;conflit;richesse;changement climatique;impact environnemental;impact environnemental;exploitation;transition;milieu
178;emploi;impact environnemental;avenir;fiscalité;nickel;vision positive de la ressource;pollution;enjeu
179;vision positive de la ressource;nickel;économie du pays;nouvelle-calédonie;commerce;commerce;prospection minière;minerai
180;minerai;nickel;description minière;revenu;commerce;revenu
181;minerai;impact environnemental;nickel;danger;procédé industriel;exploitation;richesse;industrie;usine;main d’oeuvre;exploitation
182;impact environnemental;politique;prospection minière;économie du pays;emploi;sécurité
183;développement;économie du pays;impact environnemental;emploi;épuisement de la ressource;nickel
184;économie du pays;impact environnemental;relation internationale;prospection minière;emploi
185;opérateur minier;opérateur minier;opérateur minier
186;richesse;pollution;développement;industrie;conflit
187;nickel;production;opérateur minier;usine;opérateur minier;emploi;usine;vision positive de la ressource;passé;ressource non-renouvelable
188;vision positive de la ressource;main d’oeuvre;minerai;exploitation
189;minerai;opérateur minier;nickel;économie du pays;dérive politique;conflit;impact environnemental;relation internationale
190;nickel;opérateur minier;terre;exploitation;main d’oeuvre;entreprise
191;richesse;vision positive de la ressource;exploitation
192;richesse;économie du pays;terre;impact environnemental;nickel;développement durable;milieu
193;vision positive de la ressource;nickel;engin;commerce;main d’oeuvre;exportation;machine;machine;terre;métallurgie;impact environnemental
194;fer;engin;montagne;vision positive de la ressource;production;pollution;opérateur minier;métallurgie
195;revenu;développement;richesse;conflit
196;revenu;économie du pays;impact environnemental;conflit;relation internationale;calédonien
197;main d’oeuvre;minerai;ressource non-renouvelable;richesse;prospection minière
198;outillage;terre;description minière;emploi;production énergétique;équipement;équipement;équipement;équipement
199;exploitation;machine;vision positive de la ressource;usine;commerce;commerce;commerce;revenu;innovation;commerce;terre;développement
200;minerai;description minière;machine;main d’oeuvre;description minière;minerai;emploi;vision positive de la ressource
201;milieu;emploi;richesse;usine;minerai;minerai;développement;pollution;économie du pays;terre
202;terre;richesse;nickel;emploi;danger;prospection minière
203;emploi;économie du pays;impact environnemental
204;nickel;opérateur minier;usine;localité;localité;localité;vision positive de la ressource;minerai
205;engin;minerai;nickel;vision positive de la ressource;montagne
206;secteur indispensable;famille;vision positive de la ressource
207;terre;foncier;revenu;bien de consommation;coutume;secteur indispensable;richesse;exploitation;revalorisation de la ressource
208;terre;pollution;usine;changement climatique;main d’oeuvre;emploi;danger;impact environnemental
209;ressource non-renouvelable;outillage;description minière;description minière;nuisance;revenu;économie du pays;condition de travail;travail difficile;travail difficile
210;engin;nickel;montagne;machine;main d’oeuvre;équipement;équipement
211;conflit;amélioration environnementale;nickel;emploi;opérateur minier;puissance étrangère;localité;nouvelle-calédonie;terre
212;emploi;nickel;impact environnemental;engin;fer;usine;localité;exploitation;conflit
213;foncier;usine;opérateur minier;opérateur minier;opérateur minier;opérateur minier;richesse;procédé industriel;exploitation;investissement;investissement;emploi;santé
214;nickel;terre;milieu;opérateur minier;opérateur minier;emploi;puissance étrangère;conflit
215;terre;engin;montagne;nickel;sous-traitance;production;équipement
216;usine;pollution;exploitation;usine;opérateur minier;minerai;engin;nickel;montagne;conflit
217;usine;nickel;opérateur minier;métallurgie;développement;industrie;politique;revenu;emploi;impact environnemental;terre;enjeu
218;nickel;emploi;investissement;économie du pays;conflit;richesse;vision négative de la ressource;métallurgie;minerai;pollution;impact environnemental
219;engin;impact environnemental;milieu;vision positive de la ressource;nickel;impact environnemental;minerai
220;pollution;impact environnemental;nickel;richesse;usine;conflit;emploi;impact environnemental
221;minerai;nickel;exploitation
222;emploi;pollution;exploitation
223;minerai;nickel;usine;terre;main d’oeuvre;nouvelle-calédonie
224;nickel;emploi;vision positive de la ressource;usine;avenir;impact environnemental;impact environnemental;montagne;pollution
225;exploitation;structure;impact environnemental;emploi;changement climatique;revenu
226;terre;engin;vision positive de la ressource
227;emploi;richesse;exploitation;vision positive de la ressource;terre
228;emploi;nouvelle-calédonie;terre;terre;nickel;entreprise;pollution
229;nickel;terre;usine;usine;formation;nouvelle-calédonie;minerai;fer;emploi;changement climatique;économie du pays;conflit;justice sociale
230;exploitation;impact environnemental;impact environnemental;minerai;terre;ressource non-renouvelable;nickel;richesse;économie du pays;industrie;main d’oeuvre;opérateur minier;usine;formation;localité
231;nickel;production;minerai;opérateur minier;usine;engin;terre;usine;économie du pays;impact environnemental;développement;production énergétique
232;revenu;engin;terre;biodiversité;biodiversité;pollution;condition de travail;site minier;secteur nickel;terre;famille;emploi;santé;avenir;coutume
233;nickel;terre;emploi;pollution;impact environnemental;vision négative de la ressource;dérive politique;indépendance;politique;politique;conflit;investissement;biodiversité;économie du pays
234;exploitation;richesse;terre;économie du pays;impact environnemental;impact environnemental;revalorisation de la ressource;économie du pays;emploi;conflit;secteur nickel
235;exploitation;impact environnemental;foncier;usine;procédé industriel;commerce;engin;économie du pays;développement;impact environnemental;impact environnemental;pollution;emploi;conflit;politique
236;main d’oeuvre;revenu;vision positive de la ressource;impact environnemental
237;richesse;emploi;terre;nickel;pollution;impact environnemental
238;ressource non-renouvelable;nickel;richesse;terre;description minière;exploitation;commerce;vision positive de la ressource
239;impact environnemental;richesse;impact environnemental;pollution;changement climatique;main d’oeuvre;usine;machine;main d’oeuvre
240;pollution;impact environnemental;changement climatique;changement climatique;économie du pays;emploi;changement climatique;danger;impact environnemental
241;emploi;revenu;secteur nickel;conflit;pollution;économie du pays
242;usine;main d’oeuvre;richesse;croissance minière;développement alternatif;relation internationale;impact environnemental;danger;secteur nickel;condition de travail;impact environnemental
243;vision positive de la ressource;exploitation;engin;pollution;conflit;économie du pays;entreprise;foncier;montagne
244;économie du pays;coutume;politique;conflit
245;exploitation;impact environnemental;pollution;biodiversité;économie du pays;emploi;secteur nickel;conflit
246;montagne;économie du pays;emploi;milieu;terre;nickel;nickel;pollution
247;impact environnemental;pollution;pollution;économie du pays;richesse
248;pollution;richesse;minerai;usine;localité;engin;commerce;emploi;production
249;emploi;économie du pays;industrie;métallurgie;localité;engin;conflit;nickel;opérateur minier;emploi;description minière
250;passé;nickel;revenu;conflit
251;nickel;usine;minerai;fiscalité;investissement;pollution
252;nickel;revenu;montagne;justice sociale;relation internationale;pollution;enjeu
253;non classé;montagne;vision négative de la ressource;pollution;emploi;représentation opérateur;entreprise
254;nickel;pollution;automatisation;investissement;croissance minière;impact environnemental;commerce;calédonien;secteur nickel;calédonien;santé;industrie;calédonien;politique;milieu
255;prospection minière;impact environnemental;avenir;montagne;milieu;amélioration environnementale;usine;nickel;pollution
256;économie du pays;emploi;production;amélioration environnementale;pollution
257;montagne;impact environnemental;milieu;engin;milieu;biodiversité;milieu;minerai;revenu;exploitation;relation internationale;formation
258;exploitation;exploitation;prospection minière;sous-traitance;développement;nickel;opérateur minier;emploi;milieu;conflit;prospection minière;usine;métallurgie;engin;impact environnemental
259;économie du pays;emploi;épuisement de la ressource;conflit;conflit;impact environnemental;danger;inégalité;travail difficile;emploi;dérive politique;sentiment négatif;impact environnemental
260;nickel;montagne;machine;usine;exploitation;engin
261;impact environnemental;milieu;pollution;économie du pays;emploi
262;richesse;emploi;pollution;impact environnemental;conflit;calédonien;indépendance;épuisement de la ressource
263;exploitation;impact environnemental;minerai;montagne;terre;emploi;pollution
264;minerai;nickel;épuisement de la ressource;pollution;production énergétique;usine;usine;production énergétique
265;économie du pays;développement;impact environnemental;emploi;engin;amélioration environnementale;production énergétique;production énergétique;pollution;croissance minière;impact environnemental;changement climatique;milieu;nickel;biodiversité
266;économie du pays;revenu;emploi;vision positive de la ressource;pollution;amélioration environnementale;secteur nickel
267;nickel;montagne;main d’oeuvre;opérateur minier
268;engin;emploi;équipement;pollution;biodiversité;usine;impact environnemental;exportation
269;engin;engin;pollution;minerai;main d’oeuvre;ressource non-renouvelable;usine;ressource non-renouvelable;exploitation;main d’oeuvre;équipement
270;impact environnemental;impact environnemental;impact environnemental;milieu;nickel;impact environnemental;santé;vision positive de la ressource;développement durable;croissance minière;pollution;pollution;économie du pays;emploi;calédonien
271;minerai;machine;montagne;production;minerai;vision positive de la ressource
272;terre;famille;montagne;impact environnemental;biodiversité;minerai;nickel;ressource non-renouvelable;vision négative de la ressource;emploi
273;minerai;nickel;ressource non-renouvelable;exploitation
274;minerai;passé;nuisance;santé;culture pop;nickel;pollution;danger;exploitation;description minière;prospection minière;terre;pollution;montagne;impact environnemental
275;montagne;production;économie du pays;usine;minerai;exploitation;commerce;engin;impact environnemental;pollution;terre;minerai;montagne;outillage;main d’oeuvre
276;montagne;minerai;minerai;terre;prospection minière;prospection minière
277;minerai;terre;vision positive de la ressource;exploitation;main d’oeuvre;social;biodiversité;passé;emploi
278;nickel;main d’oeuvre;minerai;terre;montagne;pollution;économie du pays
279;ressource non-renouvelable;minerai;nickel;site minier;transition;développement;opérateur minier;économie du pays;usine;métallurgie;conflit;terre;richesse;amélioration environnementale;impact environnemental
280;terre;industrie;machine;économie du pays;pollution;minerai;main d’oeuvre;opérateur minier;entreprise;localité;exploitation
281;nickel;minerai;minerai;nouvelle-calédonie;exploitation;transition
282;impact environnemental;impact environnemental;pollution;revenu;montagne;nuisance;emploi
283;nickel;ressource non-renouvelable;engin;fer;terre
284;usine;nickel;engin
285;commerce;industrie;impact environnemental;représentation opérateur;description minière;commerce;ressource non-renouvelable;puissance étrangère;exportation;relation internationale
286;engin;sous-traitance;terre;main d’oeuvre;exportation
287;impact environnemental;impact environnemental;emploi
288;pollution;impact environnemental;emploi;développement;dérive politique;danger;conflit;épuisement de la ressource;conflit;représentation opérateur;représentation opérateur
289;nickel;métallurgie;métallurgie;production;investissement;milieu;économie du pays;impact environnemental;pollution;santé;production énergétique;pollution;emploi;conflit;déclin
290;minerai;emploi;localité;localité;terre;engin;pollution;épuisement de la ressource;impact environnemental;procédé industriel
291;nickel;revenu;commerce;production;revenu;indépendance;politique;politique;inégalité;puissance étrangère;économie du pays
292;nickel;impact environnemental;impact environnemental;pollution;économie du pays;emploi;impact environnemental;procédé industriel;exploitation;santé;épuisement de la ressource
293;amélioration environnementale;opérateur minier;investissement;économie du pays;richesse;impact environnemental;impact environnemental;impact environnemental;emploi;nickel;avenir;épuisement de la ressource;impact environnemental
294;vision positive de la ressource;enjeu;foncier;nickel
295;nickel;revenu;emploi;économie du pays;engin;pollution;développement;terre;impact environnemental
296;pollution;impact environnemental;économie du pays;conflit;opérateur minier
297;nickel;transition;emploi;économie du pays;impact environnemental
298;nickel;pollution;emploi;usine
299;économie du pays;emploi;montagne;foncier;richesse;localité;opérateur minier;engin;usine;nickel
300;nickel;économie du pays;impact environnemental;pollution;impact environnemental;machine;investissement;production;secteur nickel;procédé industriel;minerai;production énergétique;impact environnemental;montagne;dérive politique
301;nickel;minerai;pollution;impact environnemental;pollution;impact environnemental;pollution;économie du pays;emploi;santé;travail difficile;secteur nickel;procédé industriel
302;nickel;pollution;emploi;travail difficile;économie du pays;impact environnemental;épuisement de la ressource;production énergétique;procédé industriel;exploitation;santé;minerai;impact environnemental;biodiversité;secteur nickel
303;minerai;nouvelle-calédonie;opérateur minier;nickel;impact environnemental;engin;pollution;économie du pays;impact environnemental;emploi;développement;épuisement de la ressource
304;nickel;métallurgie;engin;ressource non-renouvelable;usine;usine;économie du pays;pollution;emploi;épuisement de la ressource;impact environnemental;production énergétique;développement
305;nickel;pollution;économie du pays;travail difficile;emploi;santé;procédé industriel;production énergétique;usine;exploitation;inégalité;impact environnemental;impact environnemental;balance positive-négative;procédé industriel
306;impact environnemental;prospection minière;nickel;emploi;impact environnemental;emploi;montagne
307;opérateur minier;montagne;impact environnemental;emploi;pollution
308;nickel;engin;emploi;main d’oeuvre;sécurité;minerai;opérateur minier
309;nickel;emploi;engin;terre
310;pollution;revenu;emploi;amélioration environnementale;localité;opérateur minier;nickel;usine;localité;opérateur minier
311;richesse;terre;montagne;milieu;minerai;usine;métallurgie;conflit;foncier;balance positive-négative
312;minerai;exploitation;impact environnemental;exploitation;nickel;production;pollution;pollution;impact environnemental;représentation opérateur;inégalité
313;emploi;richesse;impact environnemental;impact environnemental
314;montagne;nickel;engin;impact environnemental;localité;machine;usine
315;minerai;exploitation;engin;pollution;commerce;impact environnemental;opérateur minier;terre;nickel
316;minerai;ressource non-renouvelable;ressource non-renouvelable;nickel;revenu;richesse;engin;commerce
317;terre;emploi;pollution;impact environnemental;calédonien;impact environnemental;vision positive de la ressource;avenir;conflit;revenu
318;minerai;ressource non-renouvelable;revenu;ressource non-renouvelable;opérateur minier;minerai;description minière;ressource non-renouvelable;main d’oeuvre;engin;nickel;impact environnemental;pollution;sous-traitance
319;impact environnemental;économie du pays;emploi;pollution;conflit;politique
320;outillage;minerai;minerai;description minière;nickel;description minière;minerai
321;nickel;machine;impact environnemental;pollution;opérateur minier;localité;localité;localité;usine;engin;engin;montagne;minerai
322;usine;minerai;engin;terre;localité;pollution;impact environnemental;milieu;minerai;biodiversité;revenu
323;usine;minerai;minerai;nickel;commerce;commerce;économie du pays;impact environnemental;impact environnemental
324;emploi;économie du pays;industrie;impact environnemental;nickel;pollution;exploitation;commerce;relation internationale
325;minerai;pollution;nickel;opérateur minier;transition;exportation;engin;terre;économie du pays;localité;usine;politique;exploitation;emploi
326;économie du pays;exploitation;pollution;politique;conflit;emploi
327;nickel;emploi;pollution;revenu;développement
328;emploi;développement;industrie;impact environnemental;pollution
329;emploi;industrie;passé;exploitation;crise;conflit;ressource non-renouvelable;condition de travail;procédé industriel;revenu;travail difficile
330;exploitation;impact environnemental;vision positive de la ressource;revenu;emploi
331;crise;structure;impact environnemental;terre;dérive politique;vision positive de la ressource
332;exploitation;nouvelle-calédonie;pollution;impact environnemental
333;terre;impact environnemental;outillage;commerce;exportation
334;richesse;économie du pays;site minier;secteur indispensable;conflit;emploi;politique;relation internationale;revenu;impact environnemental;pollution;structure;développement;emploi
335;minerai;exploitation;usine;pollution;développement;innovation;secteur nickel;revenu;montagne;minerai;emploi;richesse;épuisement de la ressource;production
336;minerai;engin;richesse;terre;localité;nickel;exportation;impact environnemental;emploi;impact environnemental;changement climatique;localité;production;usine;commerce
337;nickel;montagne;pollution;richesse;usine;métallurgie;développement;développement culturel
338;biodiversité;foncier;nickel;relation france;richesse;fer
339;impact environnemental;impact environnemental;richesse;épuisement de la ressource;inégalité;bien de consommation;engin;politique
340;terre;nickel;minerai;ressource non-renouvelable;revenu;ressource non-renouvelable;production;métallurgie
341;nickel;ressource non-renouvelable;engin;minerai;ressource non-renouvelable;ressource non-renouvelable;terre;économie du pays
342;nickel;économie du pays;relation france;coutume;conflit;impact environnemental;développement durable;emploi
343;nickel;montagne;ressource non-renouvelable;richesse;nouvelle-calédonie;développement;fer;terre;changement climatique;ressource non-renouvelable;structure;foncier;avenir;pollution
344;nickel;opérateur minier;terre;montagne;engin;économie du pays;impact environnemental;usine
345;exploitation;outillage;entreprise;sous-traitance;conflit;danger;revenu
346;terre;travail difficile;équipement;sécurité;condition de travail;vision positive de la ressource;impact environnemental
347;impact environnemental;pollution;richesse;emploi
348;engin;vision positive de la ressource;nickel;usine;production énergétique
349;engin;usine;nickel;économie du pays;pollution;machine;emploi
350;nickel;engin;épuisement de la ressource;économie du pays;sécurité
351;minerai;nickel;opérateur minier;exploitation;emploi;outillage;engin;prospection minière;vision positive de la ressource;commerce;milieu;description minière;main d’oeuvre
352;engin;exploitation;amélioration environnementale;procédé industriel;minerai;description minière;impact environnemental
353;puissance étrangère;politique;relation france;économie du pays;emploi;secteur nickel;crise;nickel;impact environnemental;biodiversité;biodiversité;montagne;foncier
354;usine;ressource non-renouvelable;ressource non-renouvelable;machine;usine;engin;terre;usine;exploitation;minerai;ressource non-renouvelable;production
355;nickel;procédé industriel;emploi;pollution;impact environnemental;impact environnemental
356;nickel;revenu;nuisance;équipement;engin;famille;famille;condition de travail;pollution;impact environnemental;santé;nuisance;pollution;biodiversité
357;nickel;revenu;équipement;engin;famille;famille;travail difficile;formation;foncier;terre;exploitation;danger;bien de consommation;biodiversité;impact environnemental
358;procédé industriel;terre;revenu;nuisance;pollution;impact environnemental;foncier;emploi
359;impact environnemental;vision positive de la ressource;biodiversité;emploi;économie du pays;pollution;sous-traitance;production énergétique
360;nickel;localité;localité;minerai;revenu;emploi;usine
361;richesse;secteur indispensable;impact environnemental;usine;commerce;commerce;inégalité
362;vision positive de la ressource;exploitation;conflit;terre;entreprise
363;usine;pollution;exploitation;impact environnemental;richesse;nickel;épuisement de la ressource
364;minerai;minerai;impact environnemental;exploitation;nickel;outillage
365;économie du pays;emploi;nickel;pollution;changement climatique;impact environnemental;commerce;puissance étrangère;production;minerai;site minier;passé;opérateur minier;montagne;amélioration environnementale
366;nickel;minerai;exploitation;impact environnemental;pollution;transition;impact environnemental
367;usine;nickel;commerce;conflit;vision positive de la ressource;crise;conflit;innovation;industrie;dérive politique;vision positive de la ressource;secteur nickel;emploi
368;pollution;impact environnemental;industrie;emploi;procédé industriel;développement;impact environnemental
369;revenu;emploi;nuisance;terre;condition de travail;engin;impact environnemental;famille;foncier;biodiversité
370;croissance minière;revenu;emploi;engin;déclin;impact environnemental;terre;nuisance
371;nickel;développement;revenu;emploi;sécurité;foncier;biodiversité;pollution;emploi;condition de travail;condition de travail;montagne;terre;investissement;économie du pays
372;nickel;emploi;terre;terre;montagne;site minier;développement
373;terre;biodiversité;nuisance;engin;condition de travail;outillage;condition de travail;formation;représentation opérateur;famille;famille;famille;revenu;montagne;investissement
374;nickel;terre;nuisance;revenu;engin;engin;condition de travail;secteur indispensable
375;économie du pays;nickel;passé;ressource non-renouvelable;prospection minière;ressource non-renouvelable;pollution
376;richesse;justice sociale;investissement;développement;impact environnemental;pollution
377;économie du pays;impact environnemental;conflit
378;emploi;pollution;conflit;vision positive de la ressource;épuisement de la ressource;production;usine;outillage;exploitation;commerce;nickel;développement;déclin;impact environnemental;structure
379;opérateur minier;localité;minerai;minerai;site minier;opérateur minier;exportation;coutume;minerai;entreprise;conflit;engin;indépendance;opérateur minier
380;économie du pays;minerai;outillage;vision positive de la ressource;exploitation;impact environnemental;engin;pollution;fiscalité;conflit
381;économie du pays;pollution;industrie;emploi;formation;procédé industriel
382;emploi;richesse;passé
383;opérateur minier;nickel;impact environnemental;économie du pays;emploi;nouvelle-calédonie;pollution;changement climatique
384;impact environnemental;opérateur minier;emploi;vision positive de la ressource
385;secteur nickel;emploi;fiscalité;pollution;impact environnemental;impact environnemental;métallurgie;procédé industriel;nuisance;amélioration environnementale;développement alternatif;formation;relation france;entreprise
386;usine;emploi;économie du pays;impact environnemental;exploitation;exploitation
387;pollution;emploi;économie du pays;politique;développement
388;usine;pollution;production;production énergétique;engin;procédé industriel;opérateur minier
389;engin;machine;engin;prospection minière;machine;nickel;impact environnemental;exploitation
390;nickel;emploi;impact environnemental;revenu;nuisance;engin;famille;famille;condition de travail;investissement;amélioration environnementale;amélioration environnementale
391;richesse;économie du pays;emploi;pollution;vision positive de la ressource;impact environnemental;crise;production;revalorisation de la ressource;production;maintien de l’exploitation;développement;avenir;crise
392;nickel;exploitation;engin;impact environnemental;impact environnemental;danger;usine;montagne;emploi;main d’oeuvre
393;emploi;emploi;bien de consommation;engin;production;non classé;bien de consommation;biodiversité;biodiversité;pollution;montagne;investissement;description minière;nickel;fer
394;nickel;nuisance;revenu;impact environnemental;engin;outillage;montagne;description minière
395;minerai;minerai;emploi;exploitation;impact environnemental
396;nickel;emploi;investissement;pollution;exportation;sous-traitance;indépendance
397;économie du pays;usine;impact environnemental;emploi
398;impact environnemental;foncier;développement;balance positive-négative;site minier;impact environnemental;machine;exploitation;engin;structure;outillage;usine;main d’oeuvre;structure;structure
399;nickel;pollution;opérateur minier;minerai;fin;minerai
400;exploitation;description minière;nuisance;transition
401;emploi;richesse;maintien de l’exploitation;outillage;foncier
402;industrie;pollution;impact environnemental;emploi;nickel;amélioration environnementale;procédé industriel;usine;description minière;sécurité
403;minerai;industrie;opérateur minier;usine;terre;nickel;impact environnemental;richesse;emploi
404;nickel;industrie;économie du pays;impact environnemental;pollution;opérateur minier;usine;passé
405;secteur nickel;revenu;nickel;économie du pays;pollution;impact environnemental
406;impact environnemental;terre;milieu;milieu;biodiversité;richesse;économie du pays;conflit
407;revenu;nickel;emploi;exploitation;commerce
408;nickel;travail difficile;impact environnemental;économie du pays;emploi
409;revenu;emploi;pollution;conflit
410;coutume;conflit;revenu;impact environnemental;emploi;pollution;fiscalité
411;nuisance;emploi;pollution;pollution
412;nickel;main d’oeuvre;usine;terre;ressource non-renouvelable
413;engin;minerai;nouvelle-calédonie
414;outillage;nickel;pollution;emploi;emploi;production
